Transaction_ID,Date,Customer_Name,Product,Total_Items,Total_Cost,Payment_Method,City,Store_Type,Discount_Applied,Customer_Category,Season,Promotion
1000000000,21-01-2022 06:27,Stacey Price,"['Ketchup', 'Shaving Cream', 'Light Bulbs']",3,71.65,Mobile Payment,Los Angeles,Warehouse Club,TRUE,Homemaker,Winter,None
1000000001,01-03-2023 13:01,Michelle Carlson,"['Ice Cream', 'Milk', 'Olive Oil', 'Bread', 'Potatoes']",2,25.93,Cash,San Francisco,Specialty Store,TRUE,Professional,Fall,BOGO (Buy One Get One)
1000000002,21-03-2024 15:37,Lisa Graves,['Spinach'],6,41.49,Credit Card,Houston,Department Store,TRUE,Professional,Winter,None
1000000003,31-10-2020 09:59,Mrs. Patricia May,"['Tissues', 'Mustard']",1,39.34,Mobile Payment,Chicago,Pharmacy,TRUE,Homemaker,Spring,None
1000000004,10-12-2020 00:59,Susan Mitchell,['Dish Soap'],10,16.42,Debit Card,Houston,Specialty Store,FALSE,Young Adult,Winter,Discount on Selected Items
1000000005,07-10-2021 12:37,Joshua Frazier,"['Toothpaste', 'Chicken']",3,72.24,Cash,Houston,Supermarket,TRUE,Retiree,Spring,Discount on Selected Items
1000000006,08-01-2023 10:40,Victoria Garrett,"['Honey', 'BBQ Sauce', 'Soda', 'Olive Oil', 'Garden Hose']",4,5.28,Cash,Boston,Specialty Store,FALSE,Student,Summer,Discount on Selected Items
1000000007,03-09-2020 12:39,Sydney Waller,"['Syrup', 'Trash Cans', 'Pancake Mix', 'Water', 'Mayonnaise']",5,21.77,Debit Card,Chicago,Specialty Store,FALSE,Young Adult,Winter,Discount on Selected Items
1000000008,05-04-2021 06:32,Kimberly Morgan,['Insect Repellent'],4,55.25,Mobile Payment,Los Angeles,Warehouse Club,FALSE,Homemaker,Fall,None
1000000009,08-07-2021 10:08,Lori Conway,"['Soap', 'Baby Wipes', 'Soda']",7,31.21,Mobile Payment,Boston,Convenience Store,TRUE,Young Adult,Winter,None
1000000010,18-03-2020 18:58,Randall Roberts,"['Extension Cords', 'Soda', 'Water', 'Garden Hose', 'Cleaning Spray']",8,91.59,Debit Card,Boston,Department Store,TRUE,Middle-Aged,Fall,BOGO (Buy One Get One)
1000000011,30-03-2023 19:26,Jeremiah White,"['Tea', 'Paper Towels', 'Spinach']",7,31.88,Mobile Payment,New York,Specialty Store,FALSE,Young Adult,Fall,Discount on Selected Items
1000000012,27-05-2023 15:52,Sheila Mcgee,"['Salmon', 'Shaving Cream']",9,39.75,Debit Card,New York,Pharmacy,FALSE,Student,Summer,Discount on Selected Items
1000000013,02-04-2023 09:24,Allen Miles,"['Trash Bags', 'Apple', 'Mop', 'Hair Gel']",7,17.51,Mobile Payment,Seattle,Warehouse Club,FALSE,Retiree,Winter,BOGO (Buy One Get One)
1000000014,09-04-2020 04:31,Mark Howard,"['Razors', 'Laundry Detergent', 'Beef']",1,33.64,Credit Card,San Francisco,Warehouse Club,TRUE,Retiree,Spring,None
1000000015,01-01-2021 04:29,Jesse Henderson,"['Cereal', 'Vinegar', 'Bath Towels']",7,29.57,Mobile Payment,San Francisco,Convenience Store,FALSE,Retiree,Winter,BOGO (Buy One Get One)
1000000016,15-10-2021 13:24,Eric Wall,"['Air Freshener', 'Feminine Hygiene Products']",5,99.7,Mobile Payment,Miami,Specialty Store,TRUE,Homemaker,Spring,None
1000000017,16-09-2021 09:28,Vanessa Peck,"['Power Strips', 'Honey', 'Ketchup', 'Tea', 'Shampoo']",8,15.62,Credit Card,San Francisco,Department Store,FALSE,Senior Citizen,Fall,None
1000000018,18-07-2022 11:33,Dominique Stout,"['Mustard', 'Dustpan']",3,98.28,Mobile Payment,New York,Warehouse Club,FALSE,Professional,Fall,BOGO (Buy One Get One)
1000000019,31-01-2021 07:52,Charles Brooks,['Coffee'],7,96.77,Debit Card,Chicago,Department Store,TRUE,Homemaker,Winter,Discount on Selected Items
1000000020,31-10-2021 07:46,Angela Jones,"['Pancake Mix', 'Vacuum Cleaner']",7,83.86,Cash,Houston,Pharmacy,FALSE,Teenager,Winter,Discount on Selected Items
1000000021,30-12-2022 20:03,John Roberts,"['Coffee', 'Shaving Cream']",1,39.93,Credit Card,Miami,Department Store,FALSE,Retiree,Summer,BOGO (Buy One Get One)
1000000022,08-06-2021 10:28,Nicole White,"['Shrimp', 'Iron', 'Cleaning Spray', 'Toilet Paper', 'Peanut Butter']",4,35.62,Mobile Payment,New York,Warehouse Club,TRUE,Retiree,Spring,BOGO (Buy One Get One)
1000000023,03-01-2020 23:24,Don Harris,"['Dishware', 'Pickles']",7,19.56,Cash,San Francisco,Department Store,FALSE,Retiree,Spring,BOGO (Buy One Get One)
1000000024,27-02-2023 16:46,Hannah Rowland,"['Sponges', 'Vacuum Cleaner', 'Iron']",4,24.03,Debit Card,Dallas,Pharmacy,FALSE,Student,Winter,None
1000000025,14-02-2020 13:19,Jessica Gonzalez,"['Broom', 'Cereal']",10,7.82,Credit Card,New York,Convenience Store,FALSE,Professional,Fall,BOGO (Buy One Get One)
1000000026,21-09-2020 10:34,Christina Smith,"['Garden Hose', 'Trash Cans']",6,49.45,Debit Card,Dallas,Warehouse Club,FALSE,Senior Citizen,Winter,Discount on Selected Items
1000000027,26-03-2020 22:08,Latoya Allen,"['Ketchup', 'Trash Cans', 'Toothbrush']",10,29.36,Mobile Payment,Boston,Specialty Store,FALSE,Professional,Spring,None
1000000028,13-08-2022 01:26,Clayton Roth,"['Tomatoes', 'Salmon']",7,21.08,Credit Card,San Francisco,Specialty Store,TRUE,Teenager,Fall,None
1000000029,27-02-2020 10:23,Dennis Alvarez,"['Tea', 'Salmon', 'Bath Towels', 'Toothpaste']",7,75.38,Mobile Payment,Houston,Convenience Store,TRUE,Teenager,Summer,Discount on Selected Items
1000000030,08-01-2023 22:59,Jose Hill,['Olive Oil'],1,73.17,Debit Card,Boston,Specialty Store,TRUE,Senior Citizen,Spring,None
1000000031,04-05-2024 13:22,Kristin Webb,"['Extension Cords', 'Razors', 'Chips', 'Shampoo']",4,13.34,Debit Card,Houston,Department Store,FALSE,Teenager,Summer,None
1000000032,04-04-2023 10:57,Robert Gilbert DDS,"['Apple', 'Butter']",7,41.4,Debit Card,Chicago,Supermarket,FALSE,Middle-Aged,Spring,None
1000000033,26-03-2022 19:18,Thomas Oliver,"['Broom', 'Chicken', 'Spinach', 'Broom']",8,26.67,Credit Card,Chicago,Specialty Store,TRUE,Homemaker,Spring,Discount on Selected Items
1000000034,07-02-2023 14:09,Stacy Owen,"['Yogurt', 'Ice Cream', 'Insect Repellent']",5,34.27,Credit Card,San Francisco,Supermarket,TRUE,Teenager,Summer,BOGO (Buy One Get One)
1000000035,12-10-2022 11:57,Ann Kane,"['Onions', 'Dish Soap']",10,62.33,Credit Card,Miami,Warehouse Club,FALSE,Young Adult,Spring,None
1000000036,16-10-2020 09:05,Mr. John Long,"['Tomatoes', 'Mustard', 'Apple', 'Hair Gel']",4,19.11,Debit Card,Chicago,Convenience Store,TRUE,Middle-Aged,Winter,Discount on Selected Items
1000000037,31-05-2020 05:35,Annette Robinson,['Garden Hose'],4,25.76,Mobile Payment,Los Angeles,Warehouse Club,TRUE,Homemaker,Fall,BOGO (Buy One Get One)
1000000038,11-07-2020 22:15,Kimberly Baldwin,"['Shower Gel', 'Dish Soap', 'Plant Fertilizer', 'Garden Hose', 'Tuna']",7,61.55,Credit Card,New York,Convenience Store,FALSE,Student,Fall,None
1000000039,11-07-2023 11:36,Donald Bradford,"['Potatoes', 'Air Freshener', 'Sponges', 'Onions', 'Laundry Detergent']",5,39.08,Cash,Dallas,Supermarket,FALSE,Young Adult,Spring,None
1000000040,31-05-2022 17:09,Mike Gilbert,['Feminine Hygiene Products'],4,12.97,Credit Card,Atlanta,Department Store,FALSE,Professional,Winter,None
1000000041,01-07-2023 20:11,Rebecca Morton,"['Shaving Cream', 'Butter']",8,56.99,Debit Card,Miami,Specialty Store,TRUE,Retiree,Summer,Discount on Selected Items
1000000042,13-11-2023 12:48,Nicole Hernandez,"['Lawn Mower', 'Eggs', 'Dustpan', 'Peanut Butter', 'Beef']",9,99.77,Cash,Boston,Specialty Store,TRUE,Professional,Spring,Discount on Selected Items
1000000043,12-10-2020 12:39,Paige White,"['Dustpan', 'BBQ Sauce', 'Toothbrush', 'Deodorant', 'Dish Soap']",8,29.82,Cash,Atlanta,Specialty Store,FALSE,Student,Winter,Discount on Selected Items
1000000044,21-09-2022 05:09,Mr. Lance Perkins,"['Bread', 'Dustpan', 'Ketchup', 'Ironing Board']",7,89.97,Cash,Atlanta,Department Store,FALSE,Middle-Aged,Winter,None
1000000045,28-10-2022 18:17,Kelly Foley,['Soap'],2,83.55,Credit Card,Chicago,Convenience Store,FALSE,Professional,Spring,Discount on Selected Items
1000000046,10-05-2024 23:21,Paula Maldonado,['Razors'],10,44.98,Cash,Dallas,Convenience Store,FALSE,Student,Fall,None
1000000047,06-02-2023 01:31,Roberto Franklin,"['Pasta', 'Olive Oil']",7,76.09,Mobile Payment,Los Angeles,Convenience Store,TRUE,Retiree,Summer,None
1000000048,17-04-2024 00:49,Steven Clements,"['Beef', 'Milk', 'Salmon', 'Shampoo']",10,55.69,Credit Card,Seattle,Department Store,TRUE,Teenager,Summer,Discount on Selected Items
1000000049,24-06-2021 14:01,Katherine Luna,['Tea'],3,61.53,Cash,Houston,Warehouse Club,FALSE,Retiree,Winter,Discount on Selected Items
1000000050,10-04-2021 19:14,Ryan Hammond,"['Hand Sanitizer', 'Plant Fertilizer', 'Baby Wipes', 'Hand Sanitizer', 'Power Strips']",1,78.46,Mobile Payment,San Francisco,Supermarket,FALSE,Teenager,Summer,Discount on Selected Items
1000000051,18-09-2023 09:06,Valerie Johnson,['Bread'],9,49.7,Mobile Payment,Miami,Pharmacy,TRUE,Retiree,Fall,None
1000000052,10-05-2020 17:02,Jennifer Mitchell,"['Vacuum Cleaner', 'Apple', 'Shrimp', 'Trash Bags', 'Carrots']",10,87.04,Mobile Payment,Boston,Convenience Store,FALSE,Senior Citizen,Summer,BOGO (Buy One Get One)
1000000053,30-12-2020 14:17,Nathan Schwartz,"['Shrimp', 'Cleaning Rags', 'Olive Oil', 'Soda']",2,9.55,Cash,Houston,Warehouse Club,FALSE,Senior Citizen,Fall,BOGO (Buy One Get One)
1000000054,02-03-2023 19:56,Rebecca Gilmore,"['Olive Oil', 'Feminine Hygiene Products', 'Toothpaste', 'Soap', 'Bath Towels']",8,46.79,Debit Card,Los Angeles,Specialty Store,FALSE,Retiree,Winter,None
1000000055,23-06-2022 18:30,Todd Parrish,['Peanut Butter'],7,25.89,Mobile Payment,Seattle,Specialty Store,TRUE,Student,Fall,Discount on Selected Items
1000000056,09-05-2022 08:42,Christopher Blake,['Orange'],6,5.21,Cash,Dallas,Warehouse Club,FALSE,Young Adult,Winter,BOGO (Buy One Get One)
1000000057,23-11-2021 07:49,Marie Young,"['Syrup', 'Tuna', 'Paper Towels', 'Toothpaste', 'Mustard']",3,12.72,Cash,Los Angeles,Pharmacy,TRUE,Homemaker,Summer,BOGO (Buy One Get One)
1000000058,11-01-2024 05:41,James Mccarthy,"['Laundry Detergent', 'BBQ Sauce']",5,15.14,Mobile Payment,Miami,Pharmacy,FALSE,Middle-Aged,Winter,Discount on Selected Items
1000000059,30-06-2020 00:58,Sharon Espinoza,"['Dish Soap', 'Shower Gel', 'Lawn Mower', 'Dustpan', 'Toothpaste']",4,15.68,Debit Card,Atlanta,Specialty Store,TRUE,Professional,Winter,None
1000000060,11-11-2021 03:45,Rachel Rasmussen,"['Dustpan', 'Bath Towels', 'Pickles', 'Sponges']",2,92.78,Credit Card,Seattle,Supermarket,TRUE,Young Adult,Fall,None
1000000061,28-10-2021 20:51,Thomas Lowery,"['Milk', 'Tuna', 'Ketchup', 'Broom']",10,35.95,Credit Card,Boston,Department Store,TRUE,Senior Citizen,Winter,BOGO (Buy One Get One)
1000000062,23-06-2021 06:46,Richard Johnston,"['Beef', 'Bread', 'Dustpan']",5,88.59,Cash,Chicago,Specialty Store,FALSE,Professional,Winter,BOGO (Buy One Get One)
1000000063,24-08-2023 05:20,Rebecca Vasquez,"['Pancake Mix', 'Dustpan', 'Laundry Detergent', 'Garden Hose']",6,66.87,Mobile Payment,Houston,Department Store,TRUE,Professional,Summer,BOGO (Buy One Get One)
1000000064,28-06-2021 06:41,Samuel Mays,"['Cereal Bars', 'Air Freshener', 'Honey', 'Laundry Detergent']",3,37.35,Cash,San Francisco,Department Store,TRUE,Young Adult,Winter,Discount on Selected Items
1000000065,14-08-2023 13:19,Karen Williams,"['Banana', 'Garden Hose', 'Extension Cords', 'Toothpaste', 'Syrup']",6,60.37,Debit Card,New York,Department Store,FALSE,Young Adult,Spring,BOGO (Buy One Get One)
1000000066,08-04-2022 08:49,Ian Murphy,['Shrimp'],8,51.42,Credit Card,Miami,Department Store,TRUE,Homemaker,Winter,None
1000000067,04-04-2020 01:57,Elizabeth Li,"['Broom', 'Pickles', 'Cleaning Rags']",1,54.04,Mobile Payment,Miami,Specialty Store,TRUE,Retiree,Spring,None
1000000068,30-10-2021 21:16,Brenda Chase,"['Peanut Butter', 'Lawn Mower', 'Syrup', 'Chicken', 'Toothpaste']",3,67.43,Cash,Dallas,Department Store,TRUE,Teenager,Fall,None
1000000069,19-08-2022 07:26,Anthony Miranda,"['Peanut Butter', 'Razors']",8,48.83,Cash,Seattle,Warehouse Club,FALSE,Retiree,Summer,BOGO (Buy One Get One)
1000000070,21-09-2020 09:18,Patricia Adams,"['Mop', 'Laundry Detergent', 'Vacuum Cleaner']",8,19.4,Credit Card,Atlanta,Pharmacy,FALSE,Senior Citizen,Fall,Discount on Selected Items
1000000071,11-05-2020 12:03,Jacob Douglas,"['Eggs', 'Shower Gel', 'Olive Oil']",1,12.73,Mobile Payment,Houston,Pharmacy,FALSE,Retiree,Spring,Discount on Selected Items
1000000072,27-10-2022 03:15,Martin Gonzalez,['Vinegar'],5,77.41,Mobile Payment,Los Angeles,Specialty Store,FALSE,Student,Spring,None
1000000073,13-06-2021 14:25,Sherry Nunez,"['Shaving Cream', 'Apple', 'Pickles']",4,78.52,Credit Card,Miami,Supermarket,TRUE,Homemaker,Summer,None
1000000074,16-03-2020 13:50,Joshua Livingston,"['Canned Soup', 'Tea']",2,16.9,Mobile Payment,Dallas,Supermarket,TRUE,Middle-Aged,Spring,Discount on Selected Items
1000000075,28-05-2023 19:43,Kimberly Morton,"['Syrup', 'Salmon']",1,40.11,Debit Card,Seattle,Convenience Store,FALSE,Teenager,Summer,Discount on Selected Items
1000000076,11-04-2024 22:31,Robin Graham,['Peanut Butter'],6,57.04,Cash,Atlanta,Warehouse Club,FALSE,Homemaker,Winter,BOGO (Buy One Get One)
1000000077,18-03-2024 02:50,Donna Randall,"['Hair Gel', 'Tomatoes', 'Cheese', 'Power Strips', 'Beef']",6,68.29,Mobile Payment,Los Angeles,Specialty Store,FALSE,Young Adult,Fall,BOGO (Buy One Get One)
1000000078,06-01-2021 11:48,Alfred Schneider,"['Light Bulbs', 'Tissues']",4,41.24,Debit Card,Dallas,Supermarket,FALSE,Homemaker,Fall,None
1000000079,24-01-2024 16:50,Taylor Wilson,"['Olive Oil', 'Banana']",4,72.11,Cash,Los Angeles,Department Store,TRUE,Professional,Winter,BOGO (Buy One Get One)
1000000080,16-05-2020 23:24,Matthew Henderson,"['Mop', 'Jam', 'Cheese', 'Hand Sanitizer']",1,65.96,Mobile Payment,Miami,Convenience Store,TRUE,Teenager,Summer,Discount on Selected Items
1000000081,10-05-2022 23:55,Christina Hoover,"['Diapers', 'Light Bulbs', 'Soda', 'Toothpaste']",4,80.75,Credit Card,New York,Warehouse Club,TRUE,Homemaker,Winter,Discount on Selected Items
1000000082,12-09-2021 13:17,Paul Tate,"['Light Bulbs', 'Hair Gel', 'Mustard', 'Iron']",9,68.09,Debit Card,New York,Specialty Store,TRUE,Retiree,Winter,BOGO (Buy One Get One)
1000000083,10-09-2020 19:56,Melissa Rose,"['Hand Sanitizer', 'Dish Soap', 'Deodorant', 'Cereal']",8,16.17,Debit Card,Seattle,Pharmacy,FALSE,Teenager,Spring,Discount on Selected Items
1000000084,30-05-2022 10:26,Brittany Simmons,"['Ketchup', 'Toothpaste']",5,89.56,Mobile Payment,Chicago,Supermarket,FALSE,Student,Winter,Discount on Selected Items
1000000085,28-10-2020 23:16,Henry Kirk,"['Toothpaste', 'Dishware', 'Bread', 'Eggs']",5,54.94,Credit Card,Dallas,Supermarket,FALSE,Student,Winter,None
1000000086,22-09-2020 03:20,James Richardson,"['Iron', 'Plant Fertilizer', 'Eggs', 'Pickles']",1,93.74,Cash,Seattle,Specialty Store,FALSE,Retiree,Fall,None
1000000087,03-09-2021 01:57,Keith Rodriguez,"['Air Freshener', 'Chicken', 'Shaving Cream']",10,67.87,Cash,Chicago,Specialty Store,TRUE,Retiree,Spring,None
1000000088,23-04-2020 04:16,Marie Owen,"['Plant Fertilizer', 'Tuna', 'Orange']",5,8.46,Cash,Seattle,Department Store,TRUE,Middle-Aged,Winter,Discount on Selected Items
1000000089,23-03-2021 19:58,James Adams,['Mop'],8,45.75,Credit Card,New York,Pharmacy,TRUE,Senior Citizen,Summer,BOGO (Buy One Get One)
1000000090,18-11-2023 20:40,Troy Durham,['Baby Wipes'],7,34.09,Debit Card,Los Angeles,Convenience Store,FALSE,Middle-Aged,Fall,None
1000000091,03-04-2023 21:35,Dr. Adam Chan,"['Beef', 'Cleaning Spray', 'Sponges']",1,41.48,Credit Card,Miami,Convenience Store,FALSE,Professional,Winter,Discount on Selected Items
1000000092,08-02-2023 15:22,Mark Blankenship,"['Tissues', 'Cheese', 'Toilet Paper', 'Cereal Bars', 'Cereal Bars']",4,37.38,Mobile Payment,Miami,Pharmacy,TRUE,Retiree,Spring,BOGO (Buy One Get One)
1000000093,30-12-2023 04:04,Brooke Bennett,"['Water', 'Olive Oil']",4,55.81,Cash,Boston,Convenience Store,FALSE,Young Adult,Summer,BOGO (Buy One Get One)
1000000094,10-04-2021 16:00,Dale Castaneda,"['Banana', 'Toothpaste', 'Iron']",1,90.7,Credit Card,Chicago,Pharmacy,FALSE,Middle-Aged,Summer,BOGO (Buy One Get One)
1000000095,08-02-2022 17:55,Jim Wells,"['Potatoes', 'Cleaning Spray']",3,32.25,Mobile Payment,Chicago,Convenience Store,FALSE,Teenager,Summer,BOGO (Buy One Get One)
1000000096,11-05-2021 19:50,Michael Johnson,"['Cleaning Rags', 'Syrup', 'BBQ Sauce']",8,94.76,Cash,Seattle,Pharmacy,FALSE,Middle-Aged,Summer,Discount on Selected Items
1000000097,29-07-2022 17:21,Lisa Delgado,"['Dish Soap', 'Apple']",5,50.2,Mobile Payment,Miami,Warehouse Club,TRUE,Professional,Winter,None
1000000098,05-10-2022 18:14,Matthew Jackson,"['Salmon', 'Dustpan', 'Yogurt']",8,29.4,Mobile Payment,Miami,Specialty Store,FALSE,Professional,Winter,None
1000000099,01-08-2020 23:03,Nicholas Stephens,['Eggs'],7,27.53,Credit Card,Chicago,Convenience Store,FALSE,Middle-Aged,Fall,None
1000000100,15-01-2020 21:16,Jean Moore,['Deodorant'],10,71.36,Mobile Payment,Houston,Warehouse Club,FALSE,Teenager,Spring,Discount on Selected Items
1000000101,15-03-2021 01:30,Daniel Johnson,['Canned Soup'],8,8.22,Mobile Payment,New York,Convenience Store,FALSE,Student,Fall,None
1000000102,22-10-2022 16:34,Maria Murray MD,"['Soda', 'Laundry Detergent', 'Vinegar', 'Toothbrush']",1,92.73,Credit Card,Los Angeles,Department Store,FALSE,Senior Citizen,Winter,None
1000000103,10-02-2020 01:48,Scott Hunter,"['Bath Towels', 'Canned Soup']",10,93.1,Cash,San Francisco,Convenience Store,FALSE,Professional,Summer,Discount on Selected Items
1000000104,27-12-2022 06:34,Sean Moore,"['Air Freshener', 'Tuna', 'Onions', 'Baby Wipes']",2,12.24,Cash,New York,Department Store,TRUE,Retiree,Fall,None
1000000105,21-04-2021 03:43,Alexander Harmon,"['Trash Bags', 'Feminine Hygiene Products', 'Lawn Mower', 'Ice Cream']",10,20.13,Cash,Seattle,Supermarket,TRUE,Young Adult,Summer,Discount on Selected Items
1000000106,14-05-2022 12:06,David Rodriguez,"['Tuna', 'Coffee', 'Trash Cans']",8,48.09,Mobile Payment,Dallas,Pharmacy,TRUE,Retiree,Spring,BOGO (Buy One Get One)
1000000107,30-01-2023 16:47,Linda Davis,"['Sponges', 'Cleaning Rags', 'Razors', 'Tuna']",2,37.71,Cash,Seattle,Pharmacy,FALSE,Retiree,Winter,Discount on Selected Items
1000000108,11-10-2023 18:27,Linda Hayden,"['Razors', 'Light Bulbs', 'Trash Cans', 'Honey']",9,30.3,Credit Card,Seattle,Supermarket,FALSE,Teenager,Spring,BOGO (Buy One Get One)
1000000109,24-09-2022 01:38,Connie Baker,"['Mustard', 'Soap', 'Bread', 'Pasta', 'Shaving Cream']",7,57.89,Mobile Payment,Seattle,Department Store,TRUE,Middle-Aged,Winter,Discount on Selected Items
1000000110,23-04-2021 13:09,Mr. Kenneth Watson,"['Chips', 'Canned Soup', 'Cleaning Spray', 'Olive Oil']",8,15.34,Cash,Miami,Department Store,TRUE,Teenager,Winter,BOGO (Buy One Get One)
1000000111,21-09-2022 12:12,Maurice Brown,"['Air Freshener', 'Laundry Detergent', 'Cleaning Spray', 'Shaving Cream', 'Ketchup']",10,90.93,Cash,Miami,Specialty Store,TRUE,Teenager,Fall,None
1000000112,11-01-2022 11:36,William Wood,"['Tissues', 'Insect Repellent', 'Bread', 'Pancake Mix']",2,63.34,Cash,Atlanta,Pharmacy,TRUE,Student,Fall,None
1000000113,24-04-2023 01:06,Javier Ryan,"['Feminine Hygiene Products', 'Pickles']",2,48.86,Credit Card,Miami,Supermarket,FALSE,Teenager,Spring,Discount on Selected Items
1000000114,31-07-2021 22:35,Mr. David Casey,"['Pasta', 'Orange']",1,44.08,Debit Card,Los Angeles,Supermarket,TRUE,Teenager,Winter,None
1000000115,12-12-2021 02:59,Ms. Megan Hicks,"['Shower Gel', 'Pickles', 'Bread', 'Sponges']",1,79.64,Cash,San Francisco,Pharmacy,TRUE,Teenager,Fall,None
1000000116,05-03-2024 06:13,Debbie Tucker,['Apple'],5,43.61,Mobile Payment,San Francisco,Pharmacy,TRUE,Teenager,Fall,BOGO (Buy One Get One)
1000000117,05-01-2021 21:56,Joseph Guzman,"['Spinach', 'Chips', 'Diapers', 'Tissues']",6,25.23,Credit Card,San Francisco,Convenience Store,FALSE,Middle-Aged,Fall,BOGO (Buy One Get One)
1000000118,06-04-2023 20:51,Xavier Tran,"['Yogurt', 'Power Strips']",7,13.28,Credit Card,Seattle,Specialty Store,TRUE,Teenager,Fall,None
1000000119,21-06-2021 07:37,Janet Sullivan,"['Extension Cords', 'Insect Repellent']",1,60.7,Debit Card,Atlanta,Department Store,FALSE,Retiree,Winter,None
1000000120,26-02-2023 11:40,James Ray,"['Cleaning Spray', 'Trash Cans']",8,53.89,Mobile Payment,New York,Department Store,FALSE,Senior Citizen,Summer,Discount on Selected Items
1000000121,21-03-2022 14:49,Jason Marshall,"['Vacuum Cleaner', 'Spinach']",8,14.37,Debit Card,Los Angeles,Convenience Store,FALSE,Homemaker,Winter,BOGO (Buy One Get One)
1000000122,29-08-2020 13:41,Alexander Wright,['Shampoo'],9,56.04,Mobile Payment,Chicago,Department Store,TRUE,Student,Spring,None
1000000123,17-09-2023 23:36,Cathy Jackson,"['Bath Towels', 'Feminine Hygiene Products']",4,44.49,Credit Card,Miami,Department Store,FALSE,Homemaker,Spring,BOGO (Buy One Get One)
1000000124,21-08-2023 07:05,Mercedes Anderson,"['Ketchup', 'Eggs', 'Mop', 'Mop']",7,66.28,Debit Card,Miami,Supermarket,FALSE,Homemaker,Fall,None
1000000125,02-05-2021 14:10,Anthony Christensen,"['Pasta', 'Coffee', 'Canned Soup']",8,23.96,Cash,Chicago,Convenience Store,TRUE,Young Adult,Spring,None
1000000126,10-08-2022 00:26,Cameron Walker,"['Canned Soup', 'Toothpaste', 'Olive Oil']",10,68.06,Debit Card,San Francisco,Department Store,TRUE,Professional,Winter,None
1000000127,02-06-2021 05:16,Paul Brown,"['Soap', 'Trash Cans', 'Shampoo', 'Hair Gel', 'Eggs']",7,33.04,Cash,Boston,Pharmacy,TRUE,Professional,Spring,BOGO (Buy One Get One)
1000000128,30-04-2024 02:08,Kimberly Stevens,['Paper Towels'],6,34.28,Cash,Los Angeles,Warehouse Club,FALSE,Professional,Fall,None
1000000129,28-10-2020 23:23,Jordan Garcia,"['Rice', 'Broom', 'Insect Repellent', 'Shower Gel']",4,24.12,Mobile Payment,Houston,Supermarket,TRUE,Retiree,Summer,Discount on Selected Items
1000000130,08-09-2022 07:32,Ryan Joseph II,"['Tea', 'Ironing Board']",8,9.31,Credit Card,Miami,Supermarket,FALSE,Middle-Aged,Winter,BOGO (Buy One Get One)
1000000131,02-09-2022 23:11,Debbie Brown,"['Hand Sanitizer', 'Tomatoes', 'Yogurt', 'Hair Gel']",10,86.98,Mobile Payment,Boston,Department Store,FALSE,Senior Citizen,Summer,BOGO (Buy One Get One)
1000000132,18-04-2021 21:43,Dawn Pratt,"['Carrots', 'Extension Cords']",5,83.34,Mobile Payment,Atlanta,Convenience Store,FALSE,Senior Citizen,Spring,Discount on Selected Items
1000000133,08-07-2022 20:10,Madison Hill,"['Carrots', 'Ice Cream', 'Orange', 'Hair Gel']",6,40.37,Debit Card,Boston,Department Store,FALSE,Teenager,Winter,Discount on Selected Items
1000000134,28-10-2020 03:12,Kelly Atkinson,"['Hair Gel', 'Toothpaste', 'Dish Soap', 'Sponges', 'Spinach']",1,7.14,Mobile Payment,Atlanta,Department Store,FALSE,Teenager,Spring,Discount on Selected Items
1000000135,04-05-2020 09:30,Patricia Fuller,"['Insect Repellent', 'Peanut Butter', 'Potatoes', 'Tissues', 'Trash Cans']",1,56.7,Mobile Payment,Seattle,Specialty Store,FALSE,Professional,Fall,BOGO (Buy One Get One)
1000000136,26-02-2021 11:14,Debra Brown,"['Feminine Hygiene Products', 'Ironing Board', 'Power Strips', 'Tomatoes']",9,90.9,Credit Card,Chicago,Department Store,FALSE,Teenager,Fall,Discount on Selected Items
1000000137,02-11-2023 09:25,Brett Hernandez,"['Ketchup', 'Power Strips', 'Dustpan']",9,59.02,Mobile Payment,Chicago,Specialty Store,FALSE,Professional,Winter,BOGO (Buy One Get One)
1000000138,07-04-2021 10:10,Diane Hughes,"['BBQ Sauce', 'Tuna', 'Honey']",3,36.46,Mobile Payment,Dallas,Warehouse Club,TRUE,Middle-Aged,Spring,None
1000000139,03-11-2022 02:17,Jeffrey Jones,"['Tuna', 'Toilet Paper']",2,73.35,Credit Card,Dallas,Specialty Store,FALSE,Senior Citizen,Winter,None
1000000140,08-12-2020 16:09,Frank Torres,"['Cheese', 'Shaving Cream']",5,52.95,Mobile Payment,San Francisco,Pharmacy,TRUE,Teenager,Summer,None
1000000141,05-03-2023 04:11,Daniel Mcguire,"['Coffee', 'Laundry Detergent', 'Jam']",1,77.42,Credit Card,Miami,Warehouse Club,TRUE,Professional,Fall,None
1000000142,18-03-2023 16:05,Russell Harmon,"['Deodorant', 'Ironing Board', 'Spinach']",7,53.23,Cash,Miami,Specialty Store,FALSE,Student,Summer,BOGO (Buy One Get One)
1000000143,04-04-2024 05:28,John Benitez,"['Ketchup', 'Razors', 'Shaving Cream']",4,71.54,Credit Card,Miami,Department Store,TRUE,Teenager,Fall,Discount on Selected Items
1000000144,19-11-2022 23:47,Wesley Delacruz,"['Dish Soap', 'Ironing Board', 'Carrots', 'Light Bulbs']",6,78.93,Cash,San Francisco,Pharmacy,TRUE,Teenager,Fall,None
1000000145,07-02-2023 02:49,Shannon Reid,['Hand Sanitizer'],4,76.86,Mobile Payment,Seattle,Convenience Store,TRUE,Student,Summer,Discount on Selected Items
1000000146,31-12-2022 19:41,Steven Brown,"['Laundry Detergent', 'BBQ Sauce', 'Butter', 'Garden Hose', 'Paper Towels']",2,25.04,Debit Card,Miami,Pharmacy,TRUE,Senior Citizen,Winter,Discount on Selected Items
1000000147,18-03-2021 13:20,Harold Miller,"['Peanut Butter', 'Coffee']",1,62.25,Cash,Los Angeles,Warehouse Club,TRUE,Middle-Aged,Spring,Discount on Selected Items
1000000148,28-07-2023 08:34,Jessica Middleton,"['Chips', 'Broom', 'Paper Towels']",6,45.81,Debit Card,Chicago,Department Store,FALSE,Middle-Aged,Winter,None
1000000149,11-04-2021 04:00,Luke Bell,"['Orange', 'Orange']",4,47.73,Debit Card,Houston,Warehouse Club,TRUE,Retiree,Summer,Discount on Selected Items
1000000150,22-09-2020 10:18,James Morales,"['Potatoes', 'Light Bulbs', 'Toothbrush']",2,58.89,Debit Card,Seattle,Specialty Store,FALSE,Professional,Winter,None
1000000151,17-04-2021 12:55,Ian Wilkinson,"['Pancake Mix', 'Cheese', 'Insect Repellent', 'Beef', 'Bread']",9,65.15,Debit Card,San Francisco,Department Store,TRUE,Middle-Aged,Summer,BOGO (Buy One Get One)
1000000152,28-07-2020 04:10,Jason Andrade,['Onions'],8,73.23,Credit Card,Los Angeles,Supermarket,TRUE,Professional,Fall,None
1000000153,11-12-2023 12:45,Zachary Anderson,"['Air Freshener', 'Sponges']",10,54.02,Cash,New York,Pharmacy,TRUE,Teenager,Spring,BOGO (Buy One Get One)
1000000154,20-09-2023 21:00,Michael Perkins,['Air Freshener'],9,87.79,Credit Card,Seattle,Warehouse Club,FALSE,Young Adult,Summer,Discount on Selected Items
1000000155,18-04-2020 01:29,Andre Davis,['Spinach'],6,36.1,Mobile Payment,Los Angeles,Supermarket,FALSE,Senior Citizen,Fall,Discount on Selected Items
1000000156,09-10-2023 12:34,Heather Le,"['Tea', 'Soda']",7,98.26,Cash,Dallas,Convenience Store,FALSE,Middle-Aged,Fall,Discount on Selected Items
1000000157,11-10-2021 03:22,Morgan Black,"['Cereal Bars', 'Paper Towels', 'Orange']",6,44.73,Mobile Payment,San Francisco,Warehouse Club,TRUE,Teenager,Winter,None
1000000158,19-03-2023 13:07,Chelsea Harding,"['Hair Gel', 'Trash Bags', 'Power Strips', 'Feminine Hygiene Products']",5,35.83,Debit Card,Seattle,Warehouse Club,TRUE,Senior Citizen,Summer,BOGO (Buy One Get One)
1000000159,20-11-2021 09:58,Tracy Bruce,['Paper Towels'],9,64.32,Mobile Payment,Miami,Warehouse Club,TRUE,Middle-Aged,Spring,Discount on Selected Items
1000000160,28-02-2024 14:41,Michael Perez,"['Water', 'Mop']",9,71.79,Mobile Payment,New York,Supermarket,FALSE,Senior Citizen,Summer,BOGO (Buy One Get One)
1000000161,10-03-2022 22:42,Ryan Atkinson,"['Tissues', 'Jam']",9,86.43,Mobile Payment,Miami,Specialty Store,TRUE,Retiree,Summer,None
1000000162,26-10-2022 23:16,Trevor Miller,['Olive Oil'],5,57.3,Mobile Payment,Chicago,Pharmacy,TRUE,Senior Citizen,Winter,BOGO (Buy One Get One)
1000000163,20-08-2020 15:17,Lisa Taylor,"['Plant Fertilizer', 'Shower Gel', 'Tuna']",6,21.9,Cash,Chicago,Specialty Store,FALSE,Young Adult,Winter,Discount on Selected Items
1000000164,03-12-2023 03:08,Erik Russell,"['Pickles', 'Cleaning Spray']",7,53.99,Cash,Los Angeles,Department Store,TRUE,Middle-Aged,Winter,None
1000000165,25-04-2021 05:04,Ms. Bianca Larson DDS,"['BBQ Sauce', 'Eggs', 'Shrimp']",10,38.13,Mobile Payment,New York,Department Store,FALSE,Young Adult,Summer,Discount on Selected Items
1000000166,24-04-2024 21:49,Gary Jones,"['Trash Cans', 'Toothpaste', 'Broom', 'Baby Wipes', 'Tea']",5,53.09,Cash,Dallas,Department Store,FALSE,Professional,Fall,BOGO (Buy One Get One)
1000000167,24-10-2020 14:25,Douglas Gray,['Power Strips'],8,82.66,Cash,Los Angeles,Specialty Store,TRUE,Homemaker,Summer,None
1000000168,28-06-2020 18:14,Lori Davis,"['Toothbrush', 'Toothbrush', 'BBQ Sauce', 'Dustpan', 'Banana']",4,63.4,Credit Card,Seattle,Convenience Store,TRUE,Middle-Aged,Spring,None
1000000169,24-06-2023 14:37,Kelly Hall MD,"['Bread', 'Toothpaste', 'Syrup', 'Ironing Board', 'Cleaning Spray']",9,20.51,Debit Card,New York,Pharmacy,FALSE,Teenager,Spring,BOGO (Buy One Get One)
1000000170,03-09-2023 18:28,Scott Johnson,"['Onions', 'Peanut Butter', 'Tomatoes', 'Mayonnaise']",7,35.13,Mobile Payment,Dallas,Department Store,FALSE,Homemaker,Spring,None
1000000171,14-02-2023 22:57,Regina Andersen,"['Syrup', 'Tuna']",7,55.45,Mobile Payment,Los Angeles,Warehouse Club,TRUE,Senior Citizen,Winter,Discount on Selected Items
1000000172,27-08-2021 21:54,Jennifer Schmidt,"['Power Strips', 'Eggs', 'Butter', 'Onions']",9,43.37,Credit Card,Seattle,Pharmacy,TRUE,Homemaker,Summer,Discount on Selected Items
1000000173,11-11-2020 23:34,Manuel Drake,"['Tissues', 'Spinach', 'Light Bulbs']",7,51.27,Mobile Payment,Dallas,Convenience Store,FALSE,Middle-Aged,Summer,None
1000000174,16-04-2021 22:38,James Ho DDS,"['Mustard', 'Trash Cans']",3,34.82,Cash,Seattle,Convenience Store,TRUE,Student,Summer,None
1000000175,07-04-2024 21:08,Ryan Snow,"['Honey', 'Cereal Bars', 'Sponges', 'Olive Oil']",2,90.68,Cash,Seattle,Convenience Store,TRUE,Teenager,Winter,BOGO (Buy One Get One)
1000000176,23-01-2023 07:31,Jessica Nolan,"['BBQ Sauce', 'Cleaning Spray', 'Broom']",8,85.09,Debit Card,Seattle,Warehouse Club,TRUE,Homemaker,Fall,Discount on Selected Items
1000000177,13-11-2022 20:33,Joann Davies,"['Trash Bags', 'Extension Cords', 'Beef']",1,31.59,Credit Card,Chicago,Pharmacy,FALSE,Senior Citizen,Winter,None
1000000178,17-03-2024 00:34,Lori Hill,['Onions'],8,75.06,Debit Card,Chicago,Specialty Store,FALSE,Professional,Winter,Discount on Selected Items
1000000179,16-12-2021 19:32,Trevor Jenkins,"['Honey', 'Salmon', 'Diapers', 'Hair Gel']",5,45.77,Debit Card,San Francisco,Pharmacy,TRUE,Middle-Aged,Fall,BOGO (Buy One Get One)
1000000180,21-06-2021 05:47,Jose Baker,"['Canned Soup', 'Deodorant', 'Banana', 'Chips', 'Shampoo']",3,33.17,Mobile Payment,Los Angeles,Supermarket,FALSE,Retiree,Spring,BOGO (Buy One Get One)
1000000181,05-12-2020 01:54,Courtney Meyer,"['BBQ Sauce', 'Garden Hose', 'Hair Gel']",10,12.81,Debit Card,Chicago,Convenience Store,TRUE,Young Adult,Winter,BOGO (Buy One Get One)
1000000182,18-11-2020 08:26,John Burton,"['Vinegar', 'Soap']",2,74.81,Credit Card,New York,Supermarket,TRUE,Young Adult,Fall,Discount on Selected Items
1000000183,31-12-2021 01:19,Janet Robinson,"['Toothpaste', 'Jam', 'Tissues']",1,74.53,Debit Card,San Francisco,Department Store,FALSE,Middle-Aged,Fall,BOGO (Buy One Get One)
1000000184,09-03-2022 04:31,Mitchell Jackson,['Mustard'],6,6.4,Mobile Payment,Atlanta,Warehouse Club,TRUE,Professional,Winter,Discount on Selected Items
1000000185,31-03-2020 05:22,Paula Gutierrez,"['Ice Cream', 'Ice Cream', 'Laundry Detergent']",9,80.32,Mobile Payment,Los Angeles,Warehouse Club,TRUE,Homemaker,Spring,None
1000000186,06-01-2022 08:14,Rebecca Rice,"['Toothpaste', 'Paper Towels']",3,83.91,Cash,San Francisco,Pharmacy,TRUE,Homemaker,Spring,BOGO (Buy One Get One)
1000000187,15-09-2022 21:05,Samantha Wallace,"['Carrots', 'Air Freshener', 'Butter', 'Cleaning Spray']",5,58.92,Mobile Payment,Dallas,Supermarket,FALSE,Retiree,Fall,None
1000000188,13-09-2022 05:58,Luke Hall,"['Bath Towels', 'Vinegar']",5,97.89,Mobile Payment,Los Angeles,Department Store,TRUE,Middle-Aged,Winter,Discount on Selected Items
1000000189,28-03-2021 23:25,Michael Gonzalez,['Dish Soap'],6,54.23,Credit Card,Seattle,Convenience Store,FALSE,Retiree,Winter,BOGO (Buy One Get One)
1000000190,14-01-2024 10:01,Tyler Smith,"['Shrimp', 'Chips']",5,5.78,Mobile Payment,Chicago,Specialty Store,FALSE,Student,Summer,BOGO (Buy One Get One)
1000000191,11-02-2020 11:41,Terry Norman,"['Paper Towels', 'Cleaning Rags']",9,62.26,Debit Card,San Francisco,Specialty Store,TRUE,Retiree,Fall,None
1000000192,26-04-2024 00:16,Cody Cobb,"['Yogurt', 'Iron', 'Shaving Cream', 'Hand Sanitizer']",1,99.16,Debit Card,Houston,Warehouse Club,FALSE,Retiree,Winter,None
1000000193,13-10-2020 15:30,Sierra Scott,"['Chicken', 'Paper Towels', 'Cleaning Rags', 'Razors', 'Power Strips']",6,32.23,Debit Card,Boston,Department Store,TRUE,Retiree,Fall,Discount on Selected Items
1000000194,24-07-2020 06:17,Emily Underwood,"['Air Freshener', 'Iron', 'Ice Cream', 'Ketchup']",10,39.68,Cash,Houston,Pharmacy,FALSE,Senior Citizen,Winter,None
1000000195,01-04-2023 14:19,Arthur Myers,"['Shampoo', 'Beef']",8,41.12,Mobile Payment,Miami,Supermarket,FALSE,Student,Fall,Discount on Selected Items
1000000196,24-04-2022 04:38,Nicole Cantrell,"['Paper Towels', 'Trash Cans', 'Dustpan', 'Syrup', 'Iron']",8,36.12,Cash,Dallas,Department Store,FALSE,Middle-Aged,Winter,Discount on Selected Items
1000000197,04-06-2022 19:22,John Martin,"['Shrimp', 'Feminine Hygiene Products', 'Toilet Paper', 'Water']",10,84.07,Cash,Miami,Pharmacy,FALSE,Homemaker,Spring,None
1000000198,26-01-2021 05:46,Jerry Williams,"['Pasta', 'Shampoo']",4,39.56,Debit Card,Chicago,Supermarket,TRUE,Retiree,Winter,None
1000000199,06-02-2022 01:27,Jeffrey Brown,"['Garden Hose', 'Cheese', 'Bath Towels']",3,77.39,Cash,Miami,Pharmacy,TRUE,Young Adult,Winter,BOGO (Buy One Get One)
1000000200,11-06-2023 10:26,Andrea Snyder,"['Honey', 'Yogurt', 'Potatoes', 'Apple', 'Onions']",5,83.36,Debit Card,Boston,Department Store,TRUE,Professional,Fall,BOGO (Buy One Get One)
1000000201,16-02-2024 00:17,Nancy Jackson,"['Shower Gel', 'Onions']",2,26.81,Debit Card,Houston,Pharmacy,FALSE,Teenager,Winter,None
1000000202,01-03-2020 20:12,Olivia Jimenez,"['Peanut Butter', 'Diapers']",7,28.7,Mobile Payment,Atlanta,Specialty Store,FALSE,Retiree,Winter,BOGO (Buy One Get One)
1000000203,11-09-2021 18:36,Angel Garcia,"['Cereal Bars', 'Tomatoes']",5,8.06,Credit Card,Seattle,Warehouse Club,TRUE,Senior Citizen,Fall,None
1000000204,29-11-2023 19:00,Amy Rodriguez,['Sponges'],3,89.38,Cash,Miami,Warehouse Club,TRUE,Homemaker,Spring,BOGO (Buy One Get One)
1000000205,27-12-2023 05:05,Angela Clark,"['Chips', 'Shampoo', 'Trash Bags', 'Soap', 'Dishware']",8,18.75,Mobile Payment,San Francisco,Specialty Store,FALSE,Teenager,Summer,Discount on Selected Items
1000000206,01-05-2023 05:29,Kelly Thompson,['Garden Hose'],6,9.02,Mobile Payment,San Francisco,Warehouse Club,TRUE,Homemaker,Winter,Discount on Selected Items
1000000207,10-04-2021 08:08,Ryan Melendez,"['Spinach', 'Feminine Hygiene Products', 'Onions', 'BBQ Sauce']",9,17.34,Mobile Payment,Chicago,Supermarket,FALSE,Homemaker,Fall,BOGO (Buy One Get One)
1000000208,01-06-2022 00:16,Kimberly Cisneros,"['Paper Towels', 'Toothpaste']",10,8.22,Cash,Chicago,Warehouse Club,FALSE,Young Adult,Winter,Discount on Selected Items
1000000209,20-08-2021 06:00,Cole Smith,"['Mustard', 'Chicken', 'Bread']",5,33.07,Cash,Boston,Supermarket,TRUE,Middle-Aged,Spring,BOGO (Buy One Get One)
1000000210,17-09-2023 01:37,Craig Smith,"['Pasta', 'Carrots', 'Power Strips', 'Shrimp']",6,48.16,Credit Card,Miami,Convenience Store,FALSE,Young Adult,Fall,Discount on Selected Items
1000000211,04-05-2021 16:16,Rodney Randolph,"['Onions', 'Plant Fertilizer', 'Ice Cream', 'Tuna']",5,74.82,Debit Card,Houston,Warehouse Club,FALSE,Teenager,Summer,Discount on Selected Items
1000000212,30-09-2020 11:28,Patrick Campbell,"['Paper Towels', 'Rice', 'Mayonnaise', 'Pickles', 'Mayonnaise']",8,75.3,Cash,Boston,Department Store,TRUE,Young Adult,Winter,Discount on Selected Items
1000000213,30-09-2021 05:17,Emily Whitehead,"['Carrots', 'Orange', 'Paper Towels', 'Soap']",3,83.89,Credit Card,Miami,Convenience Store,TRUE,Retiree,Winter,None
1000000214,12-05-2023 08:08,Shawn Joyce,"['Shaving Cream', 'Dustpan', 'Rice', 'Orange', 'Honey']",6,30.28,Mobile Payment,Seattle,Warehouse Club,FALSE,Senior Citizen,Spring,None
1000000215,03-01-2020 23:36,Ashley White,"['Coffee', 'Hair Gel', 'Vacuum Cleaner']",4,95.87,Credit Card,Los Angeles,Supermarket,FALSE,Professional,Fall,BOGO (Buy One Get One)
1000000216,03-05-2022 19:43,Richard Harris,"['Pancake Mix', 'Water', 'Air Freshener', 'Tea']",6,55.43,Mobile Payment,Dallas,Pharmacy,FALSE,Middle-Aged,Spring,BOGO (Buy One Get One)
1000000217,18-09-2021 05:56,Matthew Bowen,"['Butter', 'Onions', 'Diapers']",7,21.95,Cash,Boston,Department Store,TRUE,Teenager,Winter,Discount on Selected Items
1000000218,04-09-2021 06:01,James Smith,"['Milk', 'Insect Repellent', 'BBQ Sauce', 'BBQ Sauce', 'Hair Gel']",9,52.4,Credit Card,Los Angeles,Department Store,FALSE,Senior Citizen,Summer,BOGO (Buy One Get One)
1000000219,06-11-2020 04:18,Julia Baldwin,"['Trash Bags', 'Cleaning Rags']",7,14.82,Mobile Payment,New York,Department Store,FALSE,Retiree,Fall,BOGO (Buy One Get One)
1000000220,02-02-2024 13:06,Kathleen Cline,"['Butter', 'Ketchup']",8,16.19,Debit Card,Miami,Warehouse Club,FALSE,Student,Fall,BOGO (Buy One Get One)
1000000221,20-04-2023 04:26,Ashley Jones,['Ketchup'],1,24.33,Credit Card,Houston,Department Store,TRUE,Professional,Spring,None
1000000222,05-02-2021 07:29,Matthew Hogan,['Baby Wipes'],4,55.11,Cash,San Francisco,Specialty Store,TRUE,Retiree,Summer,Discount on Selected Items
1000000223,01-03-2023 23:31,Kristin Hudson,['Toothpaste'],4,77.38,Debit Card,San Francisco,Convenience Store,TRUE,Professional,Spring,None
1000000224,09-10-2020 05:10,Terri Dunn,"['Banana', 'Feminine Hygiene Products']",2,34.8,Credit Card,Atlanta,Supermarket,TRUE,Homemaker,Summer,Discount on Selected Items
1000000225,13-08-2021 13:03,Jorge Keller,"['Vacuum Cleaner', 'Ironing Board', 'Olive Oil', 'Tea', 'Shrimp']",7,72.49,Credit Card,San Francisco,Convenience Store,FALSE,Senior Citizen,Summer,BOGO (Buy One Get One)
1000000226,17-11-2022 05:57,Leslie Bell,['Mayonnaise'],7,20.05,Debit Card,Seattle,Warehouse Club,TRUE,Middle-Aged,Winter,Discount on Selected Items
1000000227,15-02-2020 09:07,Bradley Flynn,"['Shaving Cream', 'Power Strips', 'Laundry Detergent', 'Orange', 'Hand Sanitizer']",2,11.27,Cash,San Francisco,Department Store,TRUE,Senior Citizen,Winter,BOGO (Buy One Get One)
1000000228,21-02-2021 21:33,Morgan Phillips,"['Rice', 'Ketchup']",9,37.45,Cash,Atlanta,Convenience Store,FALSE,Homemaker,Winter,Discount on Selected Items
1000000229,10-07-2021 18:05,Victoria Duran,['Broom'],10,64.57,Credit Card,San Francisco,Department Store,TRUE,Teenager,Fall,None
1000000230,15-05-2022 13:30,Bruce Smith,"['Onions', 'Salmon']",2,68.41,Debit Card,Dallas,Specialty Store,FALSE,Young Adult,Fall,BOGO (Buy One Get One)
1000000231,15-09-2022 19:30,Miss Jaime Roy MD,"['Potatoes', 'Pancake Mix', 'Peanut Butter', 'Jam']",7,83.52,Cash,San Francisco,Warehouse Club,TRUE,Young Adult,Spring,None
1000000232,12-07-2021 19:21,Paul Kline,"['Shower Gel', 'Peanut Butter', 'Baby Wipes', 'Hair Gel']",6,89.63,Debit Card,San Francisco,Convenience Store,FALSE,Student,Spring,None
1000000233,24-04-2023 04:09,Mary Ryan,"['Laundry Detergent', 'Hand Sanitizer']",4,98.79,Cash,Seattle,Convenience Store,FALSE,Young Adult,Summer,BOGO (Buy One Get One)
1000000234,09-05-2023 07:42,Charles Parrish,"['Light Bulbs', 'Plant Fertilizer', 'Bath Towels', 'Cleaning Rags']",6,96.7,Credit Card,Houston,Convenience Store,TRUE,Young Adult,Summer,None
1000000235,06-12-2023 22:36,Victor Baker,"['Soap', 'Banana', 'Tea', 'Feminine Hygiene Products', 'Mustard']",10,69.01,Mobile Payment,Chicago,Specialty Store,TRUE,Homemaker,Fall,None
1000000236,24-07-2023 04:23,Mary Graham,"['Water', 'Toothbrush']",2,48.93,Mobile Payment,Miami,Pharmacy,TRUE,Middle-Aged,Winter,None
1000000237,04-12-2023 13:25,Matthew Peterson,"['Cleaning Spray', 'Eggs', 'Olive Oil', 'Baby Wipes', 'Shrimp']",4,30.54,Mobile Payment,Seattle,Supermarket,TRUE,Senior Citizen,Winter,Discount on Selected Items
1000000238,25-04-2023 09:57,Leslie Walsh,"['Deodorant', 'BBQ Sauce', 'Trash Cans']",5,96.3,Cash,Miami,Supermarket,FALSE,Senior Citizen,Spring,None
1000000239,31-08-2022 22:42,Gabriel Lucero,['Bread'],10,46.3,Mobile Payment,Chicago,Warehouse Club,FALSE,Student,Summer,Discount on Selected Items
1000000240,21-11-2022 07:58,Connor Moore,"['Syrup', 'Tomatoes']",9,57.15,Cash,Dallas,Department Store,FALSE,Retiree,Summer,Discount on Selected Items
1000000241,03-12-2022 02:43,Amy Campbell,"['Shaving Cream', 'Laundry Detergent', 'BBQ Sauce', 'Air Freshener']",2,26.07,Debit Card,San Francisco,Supermarket,TRUE,Middle-Aged,Winter,None
1000000242,20-04-2020 02:30,Lee Ramirez,"['Shrimp', 'Orange', 'Tomatoes', 'Soda', 'Deodorant']",2,63.6,Mobile Payment,Chicago,Warehouse Club,TRUE,Teenager,Winter,None
1000000243,11-03-2020 18:33,Jaime Parker,"['Sponges', 'Chicken', 'Syrup', 'Cleaning Spray', 'Honey']",8,40.37,Mobile Payment,Dallas,Department Store,TRUE,Young Adult,Fall,None
1000000244,01-04-2022 11:38,James Bailey,"['Tomatoes', 'Laundry Detergent']",3,73.4,Debit Card,Los Angeles,Supermarket,TRUE,Professional,Winter,BOGO (Buy One Get One)
1000000245,16-12-2022 10:50,Sara Lee,"['Shaving Cream', 'Mustard']",10,17.67,Credit Card,Los Angeles,Specialty Store,TRUE,Young Adult,Fall,None
1000000246,27-10-2021 14:16,Joanne Flores,"['Insect Repellent', 'Shaving Cream', 'Shampoo', 'Sponges']",3,78.54,Mobile Payment,Miami,Department Store,TRUE,Young Adult,Spring,BOGO (Buy One Get One)
1000000247,18-04-2023 14:44,Kevin Cruz,"['Olive Oil', 'Dish Soap', 'Dish Soap']",6,51.17,Debit Card,Houston,Specialty Store,TRUE,Retiree,Spring,Discount on Selected Items
1000000248,24-11-2020 20:47,Dawn Benson,"['Milk', 'Tuna', 'Honey', 'Shower Gel']",1,70.51,Cash,Miami,Pharmacy,FALSE,Homemaker,Summer,BOGO (Buy One Get One)
1000000249,16-04-2021 11:55,Ronald Pacheco,['Extension Cords'],10,59.67,Cash,Atlanta,Specialty Store,TRUE,Homemaker,Fall,None
1000000250,24-01-2024 03:46,Tracey Allen,"['Bread', 'Deodorant', 'Banana']",8,37.95,Credit Card,Seattle,Supermarket,FALSE,Senior Citizen,Winter,None
1000000251,03-01-2021 09:31,Tamara Burke,"['Razors', 'Coffee', 'Vinegar', 'Chips', 'Chips']",3,32.37,Mobile Payment,Los Angeles,Pharmacy,FALSE,Student,Winter,BOGO (Buy One Get One)
1000000252,13-04-2022 04:44,Cheryl Benson,"['Cleaning Rags', 'Pickles', 'Shaving Cream', 'Mustard']",9,13.02,Debit Card,San Francisco,Warehouse Club,FALSE,Senior Citizen,Fall,None
1000000253,19-12-2020 02:54,Taylor Jimenez,['Cereal Bars'],7,7.48,Mobile Payment,Seattle,Specialty Store,FALSE,Professional,Spring,None
1000000254,01-03-2023 20:48,Brenda Greene,"['Trash Bags', 'Trash Bags', 'Pickles']",5,52.41,Cash,Los Angeles,Department Store,TRUE,Teenager,Winter,None
1000000255,25-08-2021 11:41,Mark Johnson,['Shrimp'],6,89.55,Mobile Payment,Seattle,Convenience Store,TRUE,Student,Fall,None
1000000256,20-02-2022 22:41,Kenneth Williams,"['Milk', 'Hair Gel']",3,31.45,Debit Card,Boston,Convenience Store,TRUE,Retiree,Fall,BOGO (Buy One Get One)
1000000257,17-04-2024 12:35,Nicholas Ellison,"['Toothpaste', 'Soda', 'Toothbrush']",8,83.46,Mobile Payment,Dallas,Warehouse Club,TRUE,Student,Fall,BOGO (Buy One Get One)
1000000258,03-03-2023 15:39,Felicia Johnson,"['Trash Cans', 'Razors']",5,78.95,Credit Card,Atlanta,Department Store,TRUE,Middle-Aged,Fall,Discount on Selected Items
1000000259,11-12-2021 10:43,Kelly Adams,['Insect Repellent'],7,46.35,Credit Card,Seattle,Warehouse Club,TRUE,Retiree,Fall,Discount on Selected Items
1000000260,09-05-2022 08:59,Richard Hopkins,['Lawn Mower'],8,68.97,Debit Card,Dallas,Convenience Store,FALSE,Middle-Aged,Winter,None
1000000261,21-11-2022 12:53,Brenda Brown,['Spinach'],1,92.52,Debit Card,Chicago,Warehouse Club,TRUE,Retiree,Winter,Discount on Selected Items
1000000262,14-12-2021 17:24,David Henry,"['Insect Repellent', 'Dishware', 'Apple']",7,12.66,Credit Card,Los Angeles,Supermarket,TRUE,Teenager,Summer,None
1000000263,31-05-2020 15:32,Catherine Rodriguez,"['Soap', 'Dish Soap', 'Chips', 'Tea']",4,35.47,Credit Card,New York,Department Store,TRUE,Student,Summer,None
1000000264,08-09-2021 12:36,Sean Obrien,"['Garden Hose', 'Milk', 'Lawn Mower']",7,19.95,Mobile Payment,New York,Supermarket,FALSE,Teenager,Summer,None
1000000265,15-11-2023 17:33,Scott Byrd,"['Light Bulbs', 'Honey', 'Bath Towels', 'Cereal Bars', 'Rice']",10,9.62,Credit Card,Seattle,Department Store,FALSE,Homemaker,Spring,None
1000000266,27-09-2022 03:45,Sheila Carroll,"['Plant Fertilizer', 'Vacuum Cleaner']",9,32.72,Mobile Payment,Houston,Department Store,TRUE,Teenager,Fall,BOGO (Buy One Get One)
1000000267,02-01-2020 00:27,Jason Rodriguez,"['Insect Repellent', 'Hand Sanitizer', 'Honey', 'Dish Soap', 'Pickles']",8,15.37,Debit Card,New York,Department Store,TRUE,Professional,Fall,None
1000000268,16-01-2023 11:25,Edward Anderson,"['Cleaning Spray', 'Cereal Bars']",3,32.89,Mobile Payment,Atlanta,Supermarket,FALSE,Student,Spring,Discount on Selected Items
1000000269,22-11-2020 01:11,Benjamin Barber,"['Mayonnaise', 'Tissues', 'Potatoes', 'Salmon']",10,41.46,Debit Card,Dallas,Pharmacy,FALSE,Retiree,Fall,Discount on Selected Items
1000000270,19-11-2023 08:21,Lisa Evans,"['Milk', 'Banana']",1,35.02,Debit Card,Dallas,Supermarket,FALSE,Homemaker,Winter,BOGO (Buy One Get One)
1000000271,17-12-2022 17:26,Tracey Jackson,"['Syrup', 'Spinach', 'Ironing Board']",7,49.32,Credit Card,Los Angeles,Convenience Store,TRUE,Senior Citizen,Summer,BOGO (Buy One Get One)
1000000272,08-12-2023 17:42,Taylor Daniels,"['Sponges', 'Shrimp', 'Soda']",3,5.84,Credit Card,Houston,Convenience Store,FALSE,Retiree,Winter,None
1000000273,09-11-2023 07:56,Dwayne Herrera,"['Eggs', 'Paper Towels']",6,35.12,Mobile Payment,Los Angeles,Department Store,TRUE,Teenager,Spring,Discount on Selected Items
1000000274,19-10-2023 06:38,Stephanie Robinson,"['Toothpaste', 'Bath Towels', 'Carrots']",8,49.02,Credit Card,Seattle,Supermarket,FALSE,Student,Summer,Discount on Selected Items
1000000275,23-07-2022 06:10,Caleb Bailey,"['Insect Repellent', 'Power Strips', 'Toothbrush', 'Yogurt']",1,96.66,Cash,Dallas,Pharmacy,TRUE,Student,Winter,None
1000000276,27-10-2023 17:47,Eric Moore DDS,"['Pancake Mix', 'Mop']",2,63.83,Cash,Chicago,Convenience Store,TRUE,Young Adult,Spring,BOGO (Buy One Get One)
1000000277,26-09-2021 04:44,Barbara Griffin,"['Hand Sanitizer', 'Mustard', 'Toilet Paper', 'Water']",10,51.19,Debit Card,Miami,Supermarket,FALSE,Professional,Fall,Discount on Selected Items
1000000278,18-03-2021 10:25,Jennifer Harrington DDS,['Syrup'],5,71.7,Debit Card,San Francisco,Pharmacy,FALSE,Professional,Spring,BOGO (Buy One Get One)
1000000279,25-03-2021 23:26,Bryce Smith,"['Shaving Cream', 'Jam']",9,9.39,Credit Card,Los Angeles,Convenience Store,TRUE,Homemaker,Fall,None
1000000280,01-03-2020 18:27,Suzanne Silva,"['Ketchup', 'Hand Sanitizer', 'Orange', 'Vacuum Cleaner']",2,49.74,Cash,Atlanta,Convenience Store,TRUE,Homemaker,Fall,Discount on Selected Items
1000000281,17-09-2020 21:44,David Prince,"['Dishware', 'Soap']",10,74.53,Mobile Payment,Dallas,Department Store,FALSE,Student,Summer,None
1000000282,10-01-2021 16:28,Dawn Alvarado,"['Ice Cream', 'Cereal', 'Feminine Hygiene Products', 'Ice Cream', 'Coffee']",1,60.52,Mobile Payment,Seattle,Specialty Store,TRUE,Middle-Aged,Fall,None
1000000283,27-05-2020 05:12,Susan Lee,"['Pasta', 'Toilet Paper', 'Chips', 'Light Bulbs', 'Toilet Paper']",4,42.33,Credit Card,Seattle,Pharmacy,FALSE,Teenager,Winter,BOGO (Buy One Get One)
1000000284,21-10-2022 13:17,Pamela Adams,"['Pancake Mix', 'Cereal']",9,88.86,Mobile Payment,Los Angeles,Pharmacy,FALSE,Senior Citizen,Winter,None
1000000285,08-05-2022 12:22,Jessica Shaffer,"['Cereal Bars', 'Cleaning Rags', 'Chips', 'Hand Sanitizer', 'Deodorant']",9,51.18,Debit Card,Miami,Supermarket,TRUE,Professional,Fall,Discount on Selected Items
1000000286,30-05-2023 06:57,Mitchell Johnson,"['Peanut Butter', 'Vacuum Cleaner', 'Milk']",2,38.71,Mobile Payment,New York,Specialty Store,TRUE,Student,Winter,BOGO (Buy One Get One)
1000000287,02-01-2023 21:20,Robert Ibarra,"['Shampoo', 'Tuna', 'Shaving Cream', 'Dustpan']",1,19.4,Mobile Payment,Boston,Department Store,TRUE,Homemaker,Fall,Discount on Selected Items
1000000288,15-07-2021 13:56,Mr. Matthew Wang,"['Trash Bags', 'Vinegar', 'Banana', 'Pickles', 'Ketchup']",6,10.92,Credit Card,New York,Convenience Store,FALSE,Professional,Spring,BOGO (Buy One Get One)
1000000289,12-04-2021 13:52,Michele Davis,"['Mop', 'Soap']",4,79.33,Debit Card,Miami,Specialty Store,FALSE,Homemaker,Fall,None
1000000290,31-05-2020 23:16,Karen Jones,['Hand Sanitizer'],1,62.37,Mobile Payment,Atlanta,Pharmacy,FALSE,Teenager,Spring,None
1000000291,29-05-2023 05:46,Kristi Sanchez,['Lawn Mower'],10,49.86,Mobile Payment,San Francisco,Supermarket,FALSE,Professional,Winter,Discount on Selected Items
1000000292,12-11-2020 03:27,James Aguilar,"['Cereal', 'Honey', 'Carrots', 'Cheese', 'Broom']",5,74.16,Cash,Houston,Specialty Store,TRUE,Retiree,Winter,BOGO (Buy One Get One)
1000000293,10-09-2020 04:28,Lawrence Allison,"['Chips', 'Cleaning Spray', 'Iron', 'Carrots', 'Shaving Cream']",4,20.89,Credit Card,Chicago,Department Store,FALSE,Senior Citizen,Fall,None
1000000294,08-05-2021 11:46,Benjamin Nguyen,"['Iron', 'Butter', 'Shower Gel', 'Broom']",2,8.7,Mobile Payment,Miami,Convenience Store,TRUE,Retiree,Winter,None
1000000295,15-03-2020 10:32,Gina Gomez,"['Milk', 'Extension Cords', 'Mayonnaise', 'Hand Sanitizer']",4,85.09,Credit Card,Dallas,Pharmacy,FALSE,Young Adult,Fall,BOGO (Buy One Get One)
1000000296,12-03-2022 19:42,Gerald Massey,"['Mop', 'Ketchup', 'Tomatoes', 'Spinach']",6,29.08,Debit Card,Los Angeles,Convenience Store,FALSE,Senior Citizen,Fall,Discount on Selected Items
1000000297,04-08-2020 11:17,William Willis,['Eggs'],9,32.57,Mobile Payment,San Francisco,Specialty Store,FALSE,Teenager,Winter,BOGO (Buy One Get One)
1000000298,10-02-2022 10:43,Tracy Wu,"['Tea', 'Cereal', 'Honey', 'Cleaning Spray', 'Ketchup']",8,10.35,Cash,Boston,Supermarket,TRUE,Senior Citizen,Winter,BOGO (Buy One Get One)
1000000299,23-03-2024 04:55,Michael Wallace,"['Bath Towels', 'Beef', 'Tomatoes']",7,38.49,Credit Card,Atlanta,Pharmacy,FALSE,Senior Citizen,Spring,BOGO (Buy One Get One)
1000000300,05-06-2021 08:46,Carolyn Harris,"['Shampoo', 'Tuna', 'Olive Oil', 'Peanut Butter', 'Carrots']",6,39.63,Mobile Payment,San Francisco,Convenience Store,FALSE,Middle-Aged,Fall,BOGO (Buy One Get One)
1000000301,15-07-2023 23:55,Michele Davis,"['BBQ Sauce', 'Power Strips']",10,23.55,Credit Card,Chicago,Department Store,TRUE,Senior Citizen,Spring,BOGO (Buy One Get One)
1000000302,04-06-2020 15:28,Molly Hernandez,"['Paper Towels', 'Shrimp', 'Feminine Hygiene Products', 'Dishware']",8,32.72,Cash,Chicago,Pharmacy,FALSE,Student,Summer,BOGO (Buy One Get One)
1000000303,24-02-2021 18:47,Ashley Knight,"['Beef', 'Hand Sanitizer', 'Mayonnaise', 'Rice']",3,67.55,Debit Card,San Francisco,Department Store,FALSE,Student,Winter,None
1000000304,17-12-2022 17:38,Jessica Crawford,"['Toothbrush', 'Hand Sanitizer']",6,64.24,Mobile Payment,Seattle,Supermarket,FALSE,Student,Winter,Discount on Selected Items
1000000305,13-02-2022 04:42,Yvette Bailey,['Coffee'],4,55.28,Mobile Payment,Seattle,Supermarket,TRUE,Young Adult,Fall,BOGO (Buy One Get One)
1000000306,14-04-2023 07:18,Mary Miller,['Toothpaste'],9,79.37,Debit Card,Los Angeles,Pharmacy,TRUE,Teenager,Summer,BOGO (Buy One Get One)
1000000307,10-02-2021 04:20,Ashley Turner,"['Banana', 'Canned Soup']",1,87.95,Debit Card,Miami,Pharmacy,TRUE,Middle-Aged,Spring,Discount on Selected Items
1000000308,22-06-2023 21:28,Dustin Walker,"['Olive Oil', 'Diapers']",4,40.3,Cash,Los Angeles,Supermarket,FALSE,Professional,Summer,Discount on Selected Items
1000000309,28-01-2023 20:59,Lynn Hopkins,"['Shrimp', 'Pancake Mix']",1,30.56,Mobile Payment,Chicago,Warehouse Club,TRUE,Professional,Summer,BOGO (Buy One Get One)
1000000310,18-08-2022 08:02,Taylor Cole,"['Salmon', 'Plant Fertilizer', 'Cleaning Spray', 'Apple']",2,50.36,Credit Card,Dallas,Department Store,TRUE,Student,Winter,BOGO (Buy One Get One)
1000000311,07-01-2020 01:35,Jeffrey Wilson,['Shaving Cream'],4,90.15,Debit Card,New York,Department Store,TRUE,Homemaker,Fall,Discount on Selected Items
1000000312,02-12-2020 18:12,Christopher Nichols,['Deodorant'],1,42.33,Debit Card,Atlanta,Warehouse Club,TRUE,Student,Spring,BOGO (Buy One Get One)
1000000313,27-12-2022 09:21,Jacob Washington,['Laundry Detergent'],7,85.12,Mobile Payment,San Francisco,Supermarket,TRUE,Young Adult,Spring,BOGO (Buy One Get One)
1000000314,06-07-2023 12:06,Ann Gamble,"['Tuna', 'Chips', 'Chicken', 'Potatoes', 'Dustpan']",7,72.38,Debit Card,Boston,Pharmacy,FALSE,Professional,Spring,None
1000000315,01-03-2024 18:10,Michael Ray,['Soap'],4,57.72,Credit Card,Miami,Pharmacy,TRUE,Teenager,Spring,BOGO (Buy One Get One)
1000000316,24-06-2020 05:01,Karen Meyer,"['Soap', 'Cheese', 'Eggs', 'Cleaning Spray', 'Ketchup']",8,13,Credit Card,Seattle,Supermarket,FALSE,Middle-Aged,Fall,Discount on Selected Items
1000000317,03-10-2020 13:50,Candice Shelton,['Garden Hose'],5,10.01,Credit Card,Chicago,Specialty Store,FALSE,Homemaker,Fall,None
1000000318,02-02-2023 02:05,Cindy Russell,"['Shampoo', 'Salmon', 'Soda']",1,31.74,Mobile Payment,Houston,Supermarket,FALSE,Professional,Spring,BOGO (Buy One Get One)
1000000319,23-07-2022 05:13,Taylor Brady,"['Vacuum Cleaner', 'Garden Hose', 'Tea']",8,49.45,Debit Card,Boston,Convenience Store,TRUE,Senior Citizen,Fall,Discount on Selected Items
1000000320,27-01-2021 05:09,Paula Turner,"['Soap', 'Iron']",7,49.92,Mobile Payment,San Francisco,Warehouse Club,FALSE,Senior Citizen,Summer,Discount on Selected Items
1000000321,09-01-2024 11:41,Jasmine Vasquez,['Feminine Hygiene Products'],9,23.17,Cash,Houston,Convenience Store,FALSE,Student,Spring,Discount on Selected Items
1000000322,08-01-2023 11:51,Christopher Johnson,"['Dish Soap', 'Lawn Mower']",7,57.85,Credit Card,San Francisco,Pharmacy,TRUE,Young Adult,Winter,None
1000000323,17-04-2021 20:11,Christopher Chandler,"['Bread', 'Mop', 'Ketchup', 'Chicken', 'Tuna']",7,47.75,Debit Card,Seattle,Convenience Store,FALSE,Retiree,Winter,Discount on Selected Items
1000000324,17-11-2021 00:42,Susan Ball,"['Ketchup', 'Garden Hose']",3,79.65,Cash,Chicago,Warehouse Club,TRUE,Senior Citizen,Winter,None
1000000325,11-11-2021 02:24,Bobby Warner,['Light Bulbs'],3,61.53,Debit Card,Miami,Warehouse Club,TRUE,Teenager,Winter,BOGO (Buy One Get One)
1000000326,01-07-2020 00:49,Victoria Jenkins,"['Beef', 'Yogurt', 'Garden Hose']",10,97.35,Mobile Payment,Chicago,Pharmacy,FALSE,Middle-Aged,Fall,BOGO (Buy One Get One)
1000000327,19-04-2021 22:13,Tyler Lara,['Dustpan'],1,86.32,Mobile Payment,Atlanta,Pharmacy,TRUE,Senior Citizen,Fall,Discount on Selected Items
1000000328,20-05-2022 17:13,Ronald Chandler,"['Trash Cans', 'Shampoo', 'Diapers', 'Diapers']",5,64.68,Debit Card,Chicago,Department Store,TRUE,Homemaker,Winter,None
1000000329,10-10-2022 04:25,Xavier Palmer,"['Onions', 'Vinegar', 'Cleaning Rags', 'Ketchup']",7,93.03,Debit Card,Atlanta,Pharmacy,FALSE,Professional,Summer,Discount on Selected Items
1000000330,05-02-2020 13:58,Lance Sims,"['Mustard', 'Shrimp', 'Shampoo', 'Feminine Hygiene Products']",4,64.91,Cash,New York,Convenience Store,FALSE,Middle-Aged,Fall,Discount on Selected Items
1000000331,25-06-2021 13:48,Richard Dean,"['Deodorant', 'Paper Towels']",4,70.94,Mobile Payment,New York,Department Store,TRUE,Young Adult,Fall,Discount on Selected Items
1000000332,01-01-2024 08:46,Corey Scott,['Soap'],4,70.4,Mobile Payment,Dallas,Pharmacy,FALSE,Middle-Aged,Summer,BOGO (Buy One Get One)
1000000333,02-03-2021 10:44,Timothy Calderon,"['Shower Gel', 'Pickles', 'Salmon', 'Extension Cords', 'Lawn Mower']",6,91.65,Debit Card,Houston,Specialty Store,FALSE,Teenager,Fall,Discount on Selected Items
1000000334,02-02-2022 11:39,Richard Clark,"['Insect Repellent', 'Canned Soup', 'Ironing Board', 'Vinegar', 'Peanut Butter']",2,19.73,Mobile Payment,Seattle,Specialty Store,FALSE,Retiree,Summer,Discount on Selected Items
1000000335,16-04-2024 11:13,Adrienne Long,['Canned Soup'],2,21.44,Debit Card,Boston,Pharmacy,FALSE,Middle-Aged,Summer,BOGO (Buy One Get One)
1000000336,14-09-2021 00:26,Tanya Murphy,"['Hand Sanitizer', 'Ice Cream', 'Tea']",7,50.77,Mobile Payment,Seattle,Supermarket,FALSE,Student,Winter,BOGO (Buy One Get One)
1000000337,19-03-2023 09:39,Traci Stevens,"['Mop', 'Shrimp', 'Shrimp', 'Cleaning Rags']",4,42.82,Debit Card,Houston,Supermarket,TRUE,Retiree,Winter,BOGO (Buy One Get One)
1000000338,24-02-2022 22:44,Melissa Freeman,"['Olive Oil', 'Chips', 'Apple', 'Iron']",9,28.77,Debit Card,Chicago,Warehouse Club,TRUE,Homemaker,Spring,None
1000000339,01-10-2020 10:24,Colleen Mata,['Bath Towels'],2,17.73,Credit Card,Chicago,Convenience Store,FALSE,Professional,Fall,BOGO (Buy One Get One)
1000000340,05-02-2022 19:17,Justin Rodriguez,"['Ironing Board', 'Pasta']",1,28.8,Mobile Payment,Dallas,Supermarket,TRUE,Student,Winter,None
1000000341,07-03-2024 20:33,Daniel Thomas,['Tuna'],2,87.03,Credit Card,Miami,Department Store,TRUE,Student,Summer,Discount on Selected Items
1000000342,30-04-2020 08:47,Susan Martin,['Dish Soap'],7,70.54,Mobile Payment,Houston,Convenience Store,FALSE,Teenager,Spring,None
1000000343,14-12-2020 16:57,Monica Howard,"['Salmon', 'Tea', 'Yogurt']",9,96.33,Cash,San Francisco,Department Store,FALSE,Senior Citizen,Summer,BOGO (Buy One Get One)
1000000344,01-10-2020 12:19,Lauren Perry,"['Mustard', 'Vinegar', 'Light Bulbs', 'Cleaning Spray']",2,44.84,Credit Card,San Francisco,Pharmacy,TRUE,Senior Citizen,Fall,None
1000000345,31-07-2021 00:30,Cynthia Peters,"['Bread', 'Syrup', 'Laundry Detergent']",6,64.31,Mobile Payment,Houston,Department Store,FALSE,Homemaker,Winter,None
1000000346,23-03-2020 08:45,Andrew Shelton,['Mustard'],2,84.74,Debit Card,Miami,Convenience Store,TRUE,Teenager,Fall,Discount on Selected Items
1000000347,11-06-2020 22:09,Richard Page,['Apple'],3,49.65,Mobile Payment,Atlanta,Department Store,FALSE,Student,Winter,BOGO (Buy One Get One)
1000000348,12-11-2020 09:56,Gregory George,"['Hand Sanitizer', 'Honey', 'Hair Gel', 'Feminine Hygiene Products', 'Honey']",5,77.91,Debit Card,Miami,Department Store,FALSE,Professional,Spring,Discount on Selected Items
1000000349,18-05-2022 20:42,Joe Price,"['Extension Cords', 'Milk', 'Razors', 'Lawn Mower', 'Milk']",5,43.82,Cash,Boston,Specialty Store,TRUE,Homemaker,Summer,BOGO (Buy One Get One)
1000000350,05-03-2024 14:03,Marissa Cisneros,"['Cereal Bars', 'Vacuum Cleaner', 'Coffee', 'Onions', 'Cleaning Spray']",7,85.19,Credit Card,Miami,Department Store,TRUE,Student,Summer,None
1000000351,13-12-2021 16:53,Debbie Burns,"['Lawn Mower', 'Soda', 'Beef', 'Shampoo']",1,37.88,Mobile Payment,Boston,Pharmacy,TRUE,Teenager,Fall,None
1000000352,29-09-2021 10:27,William Cole,"['Toothpaste', 'Air Freshener', 'Toothpaste']",5,92.53,Debit Card,Miami,Convenience Store,TRUE,Young Adult,Winter,None
1000000353,18-03-2024 04:37,David Gallagher,"['Plant Fertilizer', 'Hand Sanitizer', 'Potatoes', 'Shower Gel']",4,34.83,Cash,Boston,Specialty Store,TRUE,Student,Summer,None
1000000354,19-03-2022 18:56,Melissa Mullins,['Hand Sanitizer'],4,44.79,Credit Card,Boston,Department Store,FALSE,Middle-Aged,Fall,BOGO (Buy One Get One)
1000000355,07-12-2020 08:07,James Smith,"['Mop', 'Shower Gel', 'Cheese']",9,87.09,Cash,San Francisco,Department Store,TRUE,Homemaker,Summer,Discount on Selected Items
1000000356,02-10-2021 00:39,James Harris,"['Shampoo', 'Shampoo']",5,27.92,Mobile Payment,Dallas,Specialty Store,FALSE,Professional,Winter,BOGO (Buy One Get One)
1000000357,02-02-2022 02:18,Melinda Daniels,"['Pancake Mix', 'Toilet Paper', 'Paper Towels']",3,23.43,Credit Card,Chicago,Specialty Store,TRUE,Teenager,Spring,None
1000000358,08-03-2022 03:02,Barbara Shepard,"['Olive Oil', 'Tea']",7,56.8,Mobile Payment,Atlanta,Specialty Store,TRUE,Professional,Fall,BOGO (Buy One Get One)
1000000359,07-12-2023 14:00,Tyler Lambert,"['Beef', 'Onions']",8,84.44,Mobile Payment,Boston,Department Store,FALSE,Homemaker,Fall,Discount on Selected Items
1000000360,03-12-2023 00:49,Amanda Sanchez,"['Beef', 'Olive Oil']",9,13.58,Cash,Chicago,Department Store,FALSE,Homemaker,Winter,None
1000000361,04-10-2023 18:32,Kelly Tucker,['Baby Wipes'],6,19.22,Mobile Payment,San Francisco,Specialty Store,TRUE,Young Adult,Summer,BOGO (Buy One Get One)
1000000362,22-08-2020 18:00,Tiffany Wilson,"['Toothpaste', 'Vacuum Cleaner', 'Mayonnaise', 'Ketchup']",7,85.72,Cash,Chicago,Specialty Store,FALSE,Teenager,Summer,Discount on Selected Items
1000000363,26-03-2023 06:38,Seth Johnson,"['Dustpan', 'Peanut Butter']",3,97.56,Credit Card,Seattle,Convenience Store,TRUE,Young Adult,Winter,None
1000000364,21-03-2020 19:13,Julie Perez,"['Mop', 'Toothpaste']",9,47.37,Debit Card,Seattle,Supermarket,TRUE,Senior Citizen,Spring,Discount on Selected Items
1000000365,07-12-2021 23:42,Dustin Taylor,"['Honey', 'Chips', 'Pickles', 'Shampoo', 'Milk']",9,53.5,Mobile Payment,Boston,Supermarket,FALSE,Senior Citizen,Fall,BOGO (Buy One Get One)
1000000366,23-04-2021 07:59,Julia Ramirez,['Extension Cords'],3,57.72,Mobile Payment,Houston,Pharmacy,FALSE,Retiree,Summer,BOGO (Buy One Get One)
1000000367,03-04-2023 05:06,Richard Benjamin,"['Honey', 'Mop', 'Spinach', 'Feminine Hygiene Products']",3,46.88,Cash,San Francisco,Supermarket,TRUE,Senior Citizen,Winter,None
1000000368,21-05-2021 13:54,Richard Hamilton,"['Ironing Board', 'Toothbrush', 'Toothpaste']",4,97.58,Credit Card,New York,Department Store,TRUE,Young Adult,Fall,None
1000000369,31-08-2022 08:17,Deborah Reid,"['Insect Repellent', 'Lawn Mower']",8,7.26,Debit Card,Miami,Warehouse Club,TRUE,Senior Citizen,Winter,None
1000000370,19-11-2023 20:51,Rachel Brown,['Apple'],2,8.4,Cash,Chicago,Convenience Store,FALSE,Teenager,Summer,None
1000000371,18-08-2020 04:17,Brett Smith,['Toilet Paper'],7,62.14,Debit Card,Chicago,Department Store,TRUE,Homemaker,Winter,Discount on Selected Items
1000000372,28-06-2021 15:03,Austin Hughes,['Laundry Detergent'],9,68.55,Cash,Boston,Pharmacy,FALSE,Teenager,Spring,None
1000000373,23-12-2020 04:04,Mark Smith,"['Paper Towels', 'Onions', 'Water']",3,70.09,Debit Card,Houston,Convenience Store,FALSE,Professional,Winter,BOGO (Buy One Get One)
1000000374,02-11-2022 00:41,Diana Giles,"['Potatoes', 'Yogurt', 'Toothpaste', 'Carrots']",8,23.85,Credit Card,Miami,Pharmacy,FALSE,Teenager,Summer,BOGO (Buy One Get One)
1000000375,22-01-2023 00:34,Cassandra Lloyd,"['Cheese', 'Cleaning Spray', 'Insect Repellent', 'Beef']",8,52.07,Cash,San Francisco,Department Store,FALSE,Student,Summer,Discount on Selected Items
1000000376,01-08-2021 20:48,Laura Phillips,"['Chicken', 'Toothpaste', 'Pickles', 'Laundry Detergent']",4,73.02,Mobile Payment,San Francisco,Specialty Store,FALSE,Student,Summer,BOGO (Buy One Get One)
1000000377,02-07-2023 04:52,Derrick Chen,"['Apple', 'Dustpan', 'Plant Fertilizer', 'Trash Bags', 'Trash Cans']",10,75.92,Credit Card,Los Angeles,Warehouse Club,TRUE,Student,Summer,BOGO (Buy One Get One)
1000000378,26-06-2020 18:40,Patricia Bernard,"['Tomatoes', 'Yogurt', 'Vinegar', 'Cheese']",3,39.81,Credit Card,Atlanta,Convenience Store,FALSE,Young Adult,Fall,None
1000000379,12-01-2023 02:37,Rebecca Martinez,"['Shrimp', 'Peanut Butter', 'Vinegar', 'Beef', 'Hand Sanitizer']",5,76.15,Mobile Payment,Seattle,Specialty Store,FALSE,Middle-Aged,Spring,BOGO (Buy One Get One)
1000000380,20-04-2021 20:48,Victor Stein,"['Hair Gel', 'Dish Soap', 'Rice', 'Salmon']",10,64.22,Mobile Payment,Los Angeles,Specialty Store,FALSE,Senior Citizen,Fall,None
1000000381,17-03-2020 06:46,Thomas Mason,"['Shaving Cream', 'Spinach', 'Deodorant']",2,45.26,Credit Card,Boston,Supermarket,TRUE,Student,Summer,BOGO (Buy One Get One)
1000000382,10-10-2020 15:23,Carla Thomas,"['Toothbrush', 'Plant Fertilizer']",7,33.01,Debit Card,Boston,Supermarket,FALSE,Homemaker,Fall,BOGO (Buy One Get One)
1000000383,18-12-2021 21:20,Bradley Smith,['Orange'],8,42.14,Credit Card,Seattle,Convenience Store,FALSE,Homemaker,Fall,None
1000000384,30-06-2020 18:24,Joshua Chase,"['Sponges', 'Air Freshener', 'Banana', 'Feminine Hygiene Products', 'Shaving Cream']",5,50.18,Credit Card,Houston,Convenience Store,TRUE,Young Adult,Winter,BOGO (Buy One Get One)
1000000385,08-07-2023 14:17,Cheryl Olsen,"['Cleaning Rags', 'Jam', 'Cheese', 'Carrots']",3,64.83,Cash,Boston,Warehouse Club,FALSE,Senior Citizen,Fall,Discount on Selected Items
1000000386,03-04-2021 23:52,Benjamin Cabrera,"['Tuna', 'Baby Wipes', 'Carrots']",3,26.2,Debit Card,Dallas,Convenience Store,FALSE,Homemaker,Fall,None
1000000387,18-05-2021 22:19,Joseph Nichols,"['Plant Fertilizer', 'Pickles', 'Olive Oil', 'Pancake Mix', 'Deodorant']",7,65.94,Debit Card,Chicago,Pharmacy,TRUE,Student,Summer,BOGO (Buy One Get One)
1000000388,09-07-2023 10:26,Meghan Johnson,"['Razors', 'Extension Cords', 'Orange', 'Ice Cream', 'Pasta']",4,63.15,Cash,Houston,Convenience Store,TRUE,Senior Citizen,Winter,Discount on Selected Items
1000000389,14-09-2020 01:48,Holly Mora,"['Bath Towels', 'Rice', 'Cleaning Rags']",5,87.35,Debit Card,Miami,Specialty Store,FALSE,Homemaker,Spring,BOGO (Buy One Get One)
1000000390,14-03-2024 19:01,Michael Smith,['Salmon'],8,65.9,Debit Card,New York,Convenience Store,FALSE,Professional,Spring,None
1000000391,13-01-2024 17:11,Paul York,"['Canned Soup', 'Cheese', 'Beef']",6,93.82,Debit Card,San Francisco,Department Store,FALSE,Teenager,Winter,Discount on Selected Items
1000000392,11-08-2022 05:30,Justin Garza,['Toothpaste'],1,80.96,Mobile Payment,San Francisco,Department Store,TRUE,Young Adult,Spring,None
1000000393,27-05-2023 18:18,James Jones,"['Potatoes', 'Toothbrush']",2,67.96,Mobile Payment,Chicago,Department Store,TRUE,Senior Citizen,Winter,Discount on Selected Items
1000000394,06-03-2022 15:18,Randall Davis,"['Shower Gel', 'Shampoo', 'Dishware']",8,37.94,Cash,Boston,Supermarket,FALSE,Teenager,Spring,Discount on Selected Items
1000000395,28-08-2022 04:37,Julie Hopkins,"['Tea', 'Beef', 'Coffee']",9,83.46,Mobile Payment,San Francisco,Pharmacy,FALSE,Professional,Spring,BOGO (Buy One Get One)
1000000396,30-10-2020 09:20,Zachary Compton,"['Olive Oil', 'Banana', 'Orange', 'Coffee']",6,70.61,Debit Card,Seattle,Supermarket,FALSE,Student,Spring,Discount on Selected Items
1000000397,19-02-2021 11:51,Michelle White,"['Bread', 'Bread', 'Trash Cans', 'Beef']",9,42.74,Mobile Payment,Atlanta,Pharmacy,TRUE,Middle-Aged,Fall,BOGO (Buy One Get One)
1000000398,05-02-2023 15:44,Jennifer Owens,['Eggs'],7,93.47,Debit Card,Dallas,Department Store,TRUE,Professional,Summer,BOGO (Buy One Get One)
1000000399,25-08-2022 15:48,James Howe MD,['Rice'],2,12.11,Cash,Dallas,Pharmacy,FALSE,Homemaker,Fall,BOGO (Buy One Get One)
1000000400,20-03-2021 15:08,Kimberly Gomez,"['Toothpaste', 'Extension Cords', 'Lawn Mower', 'Yogurt']",10,96.09,Credit Card,Houston,Supermarket,TRUE,Senior Citizen,Spring,None
1000000401,06-09-2020 06:05,Kathy Ross,['Trash Bags'],9,27.43,Credit Card,San Francisco,Supermarket,FALSE,Teenager,Winter,BOGO (Buy One Get One)
1000000402,15-08-2020 21:47,Ariel Howell,['Broom'],3,48.89,Credit Card,Chicago,Department Store,FALSE,Middle-Aged,Spring,None
1000000403,05-04-2020 04:08,Lisa Smith,"['Tea', 'Garden Hose', 'Lawn Mower', 'Butter', 'Broom']",3,58.34,Credit Card,Houston,Warehouse Club,TRUE,Young Adult,Spring,BOGO (Buy One Get One)
1000000404,28-04-2021 13:09,Randy Nelson,['Orange'],2,13.42,Mobile Payment,Los Angeles,Supermarket,TRUE,Retiree,Fall,None
1000000405,14-09-2022 07:20,Joseph Miller,['Canned Soup'],7,10.64,Cash,Houston,Specialty Store,TRUE,Middle-Aged,Summer,Discount on Selected Items
1000000406,17-09-2022 14:28,Paul Hart,"['Pasta', 'Tissues', 'Canned Soup', 'Ice Cream']",9,84.6,Debit Card,Miami,Convenience Store,FALSE,Teenager,Winter,Discount on Selected Items
1000000407,22-09-2020 11:18,Megan Hardin,"['Ice Cream', 'Shower Gel', 'Toothpaste', 'Laundry Detergent', 'Vacuum Cleaner']",7,30.16,Debit Card,Houston,Warehouse Club,FALSE,Young Adult,Spring,BOGO (Buy One Get One)
1000000408,20-11-2020 17:02,Jennifer Lee,"['Shaving Cream', 'Mustard', 'Peanut Butter', 'Toothpaste', 'Toothbrush']",1,92.09,Debit Card,Chicago,Warehouse Club,TRUE,Teenager,Spring,Discount on Selected Items
1000000409,14-07-2021 06:54,Matthew Hall,['BBQ Sauce'],7,83.24,Debit Card,Dallas,Convenience Store,TRUE,Senior Citizen,Fall,Discount on Selected Items
1000000410,24-04-2020 17:56,Thomas Green,"['Mustard', 'Bread', 'Chicken', 'Pickles', 'Bread']",9,24.26,Debit Card,New York,Convenience Store,TRUE,Homemaker,Fall,None
1000000411,18-07-2020 18:11,George Ruiz,"['BBQ Sauce', 'Syrup']",2,52.49,Mobile Payment,New York,Specialty Store,TRUE,Student,Summer,None
1000000412,12-05-2021 01:27,Cameron Garner,"['Power Strips', 'Plant Fertilizer']",7,9.6,Credit Card,Los Angeles,Specialty Store,TRUE,Retiree,Fall,Discount on Selected Items
1000000413,10-02-2023 21:43,Paul Clarke,"['Mustard', 'Bath Towels']",3,86.06,Debit Card,Boston,Warehouse Club,FALSE,Professional,Spring,BOGO (Buy One Get One)
1000000414,02-04-2024 07:14,William Randolph,['Ironing Board'],3,19.45,Credit Card,Seattle,Department Store,FALSE,Teenager,Winter,Discount on Selected Items
1000000415,16-11-2021 05:52,Kevin Morris,"['Dustpan', 'Soap', 'Banana', 'Shower Gel']",7,50.27,Debit Card,Chicago,Supermarket,TRUE,Homemaker,Summer,BOGO (Buy One Get One)
1000000416,14-07-2023 11:48,Andrew Smith,"['Soda', 'Carrots', 'Water', 'Razors', 'Cleaning Rags']",5,86.89,Cash,Houston,Department Store,FALSE,Middle-Aged,Fall,None
1000000417,26-12-2020 11:06,Whitney Mercado,"['Onions', 'Dishware', 'Hair Gel']",9,90.44,Credit Card,San Francisco,Supermarket,FALSE,Middle-Aged,Spring,Discount on Selected Items
1000000418,29-10-2021 22:49,Dennis Cruz,"['Hand Sanitizer', 'Razors']",5,50.88,Cash,Seattle,Department Store,FALSE,Middle-Aged,Fall,None
1000000419,19-08-2023 08:20,Kristina Mcguire,"['Apple', 'Water']",2,82.17,Credit Card,Houston,Specialty Store,FALSE,Middle-Aged,Summer,None
1000000420,24-06-2023 15:43,Maria Ochoa,['Baby Wipes'],3,70.21,Mobile Payment,Houston,Convenience Store,FALSE,Senior Citizen,Spring,BOGO (Buy One Get One)
1000000421,29-09-2023 15:34,Jeffrey Thomas,"['Baby Wipes', 'Razors', 'Feminine Hygiene Products']",4,88.19,Debit Card,Boston,Specialty Store,TRUE,Senior Citizen,Summer,BOGO (Buy One Get One)
1000000422,08-06-2021 00:59,Melissa Wallace,"['Hand Sanitizer', 'Onions', 'Tissues', 'Yogurt']",3,13.44,Cash,Dallas,Department Store,TRUE,Young Adult,Fall,None
1000000423,18-03-2023 05:21,Dawn Barnes,"['Feminine Hygiene Products', 'Olive Oil']",5,68.37,Debit Card,Dallas,Convenience Store,FALSE,Professional,Spring,None
1000000424,01-06-2020 21:09,Mr. Jimmy Martin MD,"['Vacuum Cleaner', 'Trash Bags', 'Sponges']",8,24.17,Mobile Payment,Dallas,Warehouse Club,TRUE,Senior Citizen,Winter,Discount on Selected Items
1000000425,11-12-2023 23:42,Brian Turner,"['Banana', 'Air Freshener']",3,19.69,Mobile Payment,Dallas,Pharmacy,FALSE,Student,Winter,None
1000000426,30-08-2020 01:19,Hannah Moss,"['Soap', 'Shampoo', 'Pancake Mix']",9,27.71,Debit Card,Atlanta,Specialty Store,TRUE,Student,Fall,None
1000000427,05-12-2022 07:09,Jessica Crawford,"['Canned Soup', 'Chips', 'Dishware', 'Air Freshener']",7,39.32,Debit Card,Boston,Specialty Store,TRUE,Retiree,Spring,BOGO (Buy One Get One)
1000000428,17-04-2022 04:15,Joseph Barrett,['Broom'],8,90.66,Cash,Los Angeles,Specialty Store,TRUE,Student,Fall,None
1000000429,30-10-2022 13:28,Robert Williams,"['Bread', 'Mayonnaise']",4,58.1,Debit Card,Boston,Warehouse Club,FALSE,Young Adult,Winter,Discount on Selected Items
1000000430,20-01-2020 23:29,Robin King,"['Eggs', 'Cheese']",8,10.01,Debit Card,Chicago,Department Store,TRUE,Professional,Fall,Discount on Selected Items
1000000431,24-05-2023 06:51,Michael Morris,"['Apple', 'Power Strips', 'Pickles']",3,54.84,Cash,New York,Convenience Store,FALSE,Senior Citizen,Winter,BOGO (Buy One Get One)
1000000432,25-04-2023 00:06,Mrs. Jessica Pennington,"['Cereal Bars', 'Rice']",8,80.58,Mobile Payment,Los Angeles,Department Store,FALSE,Young Adult,Spring,BOGO (Buy One Get One)
1000000433,24-09-2023 01:27,Brian Williams,"['Extension Cords', 'Soap', 'Toothpaste', 'Ice Cream']",2,93.23,Cash,Atlanta,Supermarket,FALSE,Young Adult,Fall,BOGO (Buy One Get One)
1000000434,08-03-2023 10:19,Tanya Jones,"['Deodorant', 'Bath Towels', 'Shaving Cream', 'Feminine Hygiene Products', 'Water']",7,17.5,Cash,Boston,Pharmacy,TRUE,Student,Summer,None
1000000435,06-12-2020 06:15,Greg Chandler,"['Tuna', 'Banana', 'Cleaning Rags', 'Hand Sanitizer']",1,13.97,Mobile Payment,Miami,Department Store,FALSE,Homemaker,Spring,None
1000000436,21-09-2021 12:32,Yvonne Garcia,['Insect Repellent'],4,89.88,Debit Card,Miami,Department Store,TRUE,Senior Citizen,Fall,None
1000000437,06-01-2020 10:44,Tyler Clark,"['Eggs', 'Dustpan', 'Soda']",9,50.01,Cash,Chicago,Pharmacy,FALSE,Student,Winter,None
1000000438,15-06-2020 08:10,Carla Arias,"['Trash Cans', 'Chips']",1,59.04,Mobile Payment,Chicago,Warehouse Club,FALSE,Student,Fall,Discount on Selected Items
1000000439,10-12-2023 03:49,Matthew Taylor,"['Insect Repellent', 'Vacuum Cleaner', 'Extension Cords', 'Canned Soup', 'Air Freshener']",6,5.78,Mobile Payment,Atlanta,Convenience Store,FALSE,Retiree,Summer,Discount on Selected Items
1000000440,01-05-2022 11:06,Angela Higgins,"['Vacuum Cleaner', 'Iron', 'Shampoo']",6,89.88,Debit Card,San Francisco,Convenience Store,FALSE,Retiree,Fall,Discount on Selected Items
1000000441,28-06-2022 16:01,Erin Giles,"['Salmon', 'Ironing Board', 'Hand Sanitizer', 'Milk']",1,12.66,Mobile Payment,Atlanta,Convenience Store,TRUE,Retiree,Winter,BOGO (Buy One Get One)
1000000442,05-12-2021 20:27,Michael Huffman,['Mop'],8,78.09,Credit Card,Houston,Warehouse Club,FALSE,Student,Fall,Discount on Selected Items
1000000443,08-04-2024 09:42,Paul Walls,"['Hair Gel', 'Tuna', 'Banana']",1,68.21,Cash,Chicago,Supermarket,TRUE,Student,Summer,BOGO (Buy One Get One)
1000000444,11-02-2020 17:40,James Henderson,"['Bread', 'Spinach', 'Trash Bags']",6,71.26,Credit Card,Boston,Supermarket,FALSE,Middle-Aged,Winter,BOGO (Buy One Get One)
1000000445,01-06-2022 01:52,Melanie Page,"['Baby Wipes', 'Cleaning Rags', 'Toothbrush']",9,97.06,Cash,Atlanta,Specialty Store,FALSE,Senior Citizen,Winter,BOGO (Buy One Get One)
1000000446,30-08-2023 21:47,Kenneth Cowan,['Peanut Butter'],6,58.42,Cash,Atlanta,Pharmacy,TRUE,Retiree,Summer,BOGO (Buy One Get One)
1000000447,02-12-2021 11:59,Crystal Lewis,"['Soap', 'Tuna', 'Broom', 'Mop']",9,96.59,Debit Card,Houston,Warehouse Club,FALSE,Professional,Spring,None
1000000448,16-04-2023 22:11,Peter Berg,"['Laundry Detergent', 'Pasta']",7,71.94,Debit Card,Dallas,Warehouse Club,TRUE,Homemaker,Winter,Discount on Selected Items
1000000449,15-05-2023 16:05,Deborah Richardson,"['Tuna', 'Hand Sanitizer']",3,45.73,Mobile Payment,Houston,Convenience Store,FALSE,Professional,Spring,None
1000000450,13-03-2023 18:47,Diane Ford,"['Pasta', 'Cleaning Rags']",5,33.03,Cash,Dallas,Supermarket,TRUE,Homemaker,Winter,None
1000000451,25-03-2023 14:23,Stephanie Brown,"['Soda', 'Orange']",4,62.22,Credit Card,Los Angeles,Specialty Store,TRUE,Middle-Aged,Fall,Discount on Selected Items
1000000452,27-01-2023 19:18,Wesley Santos,"['Diapers', 'Laundry Detergent']",8,7.86,Credit Card,Atlanta,Pharmacy,FALSE,Student,Spring,None
1000000453,10-03-2020 12:27,Erik Butler,"['Feminine Hygiene Products', 'Toothpaste', 'Dustpan', 'Razors']",1,61.3,Cash,Los Angeles,Supermarket,TRUE,Professional,Spring,Discount on Selected Items
1000000454,27-10-2020 22:31,Andrea Weeks,"['Carrots', 'Baby Wipes', 'Dustpan', 'Canned Soup']",10,45.61,Mobile Payment,New York,Pharmacy,TRUE,Young Adult,Fall,None
1000000455,21-02-2023 10:17,Christopher Small,"['Light Bulbs', 'Coffee']",10,71.17,Debit Card,Boston,Warehouse Club,TRUE,Professional,Summer,BOGO (Buy One Get One)
1000000456,19-12-2022 19:52,Hannah Baird,"['Tissues', 'Dish Soap', 'Water', 'Tissues', 'Chips']",5,51.07,Credit Card,Atlanta,Convenience Store,FALSE,Retiree,Winter,None
1000000457,22-04-2024 02:54,Rebecca Velazquez,['Vinegar'],2,75.97,Credit Card,Los Angeles,Department Store,FALSE,Senior Citizen,Spring,None
1000000458,20-01-2023 20:08,Crystal Jones,['Insect Repellent'],7,78.88,Mobile Payment,San Francisco,Supermarket,TRUE,Young Adult,Fall,None
1000000459,21-05-2020 08:59,Bradley Lawrence,['Chicken'],5,52.55,Credit Card,New York,Pharmacy,TRUE,Senior Citizen,Fall,None
1000000460,21-02-2022 00:37,Heather Hogan,"['Rice', 'Extension Cords', 'Bread']",3,71.47,Mobile Payment,Boston,Supermarket,TRUE,Student,Winter,None
1000000461,30-12-2022 07:39,Joseph Marquez,"['Cleaning Spray', 'Water', 'Butter', 'Baby Wipes', 'Soap']",6,96.99,Credit Card,Los Angeles,Convenience Store,FALSE,Professional,Winter,Discount on Selected Items
1000000462,18-01-2020 00:32,Tyler Nelson,"['Peanut Butter', 'Trash Cans', 'Banana']",7,71.68,Debit Card,Dallas,Supermarket,TRUE,Middle-Aged,Winter,BOGO (Buy One Get One)
1000000463,21-03-2021 15:51,Todd Vaughn,"['Hand Sanitizer', 'Deodorant', 'Coffee']",5,20.13,Debit Card,Los Angeles,Convenience Store,FALSE,Young Adult,Spring,None
1000000464,27-02-2020 21:17,Jose Hale,"['Canned Soup', 'Water', 'Chips', 'Toothpaste', 'Banana']",10,69.64,Debit Card,Chicago,Convenience Store,FALSE,Retiree,Winter,BOGO (Buy One Get One)
1000000465,15-01-2022 16:04,Collin Nash,"['BBQ Sauce', 'Chicken', 'Tuna']",10,46.18,Debit Card,Seattle,Warehouse Club,FALSE,Senior Citizen,Winter,None
1000000466,15-01-2020 12:18,Jeff Fowler,"['Sponges', 'Yogurt']",7,22.29,Credit Card,Chicago,Convenience Store,FALSE,Student,Winter,None
1000000467,01-03-2022 05:12,Benjamin Lee,['Milk'],2,17.37,Cash,Los Angeles,Pharmacy,TRUE,Homemaker,Spring,None
1000000468,07-05-2024 02:26,Michael Padilla,"['Beef', 'Shower Gel']",7,6.66,Credit Card,Los Angeles,Specialty Store,TRUE,Retiree,Spring,None
1000000469,26-04-2024 06:29,Stephanie Jackson,['Soap'],6,44.44,Credit Card,New York,Department Store,TRUE,Retiree,Winter,BOGO (Buy One Get One)
1000000470,05-01-2021 16:52,Thomas Mcintyre,"['Toothbrush', 'Banana', 'Pancake Mix', 'Carrots', 'Pasta']",5,33.55,Debit Card,Chicago,Warehouse Club,TRUE,Retiree,Winter,Discount on Selected Items
1000000471,28-04-2023 21:21,Robert Davis,"['Power Strips', 'Shower Gel']",1,35.45,Debit Card,Dallas,Specialty Store,FALSE,Student,Spring,None
1000000472,04-12-2023 13:11,Marc Decker,"['Mop', 'Shaving Cream']",10,60.54,Credit Card,Dallas,Pharmacy,TRUE,Senior Citizen,Fall,BOGO (Buy One Get One)
1000000473,10-03-2024 05:53,Shawn Morris,['Olive Oil'],2,73.89,Credit Card,Boston,Convenience Store,FALSE,Retiree,Fall,None
1000000474,07-03-2020 21:42,Denise Vaughan,"['Honey', 'Chips']",9,89.62,Debit Card,Miami,Convenience Store,FALSE,Young Adult,Spring,None
1000000475,06-09-2021 13:41,Sarah Harris,"['Cereal', 'Trash Bags', 'Iron', 'Shampoo']",1,98.52,Mobile Payment,Atlanta,Convenience Store,TRUE,Retiree,Winter,None
1000000476,24-03-2022 23:31,Brian Cole,"['Soap', 'Toothpaste']",8,56.83,Mobile Payment,Dallas,Convenience Store,FALSE,Retiree,Spring,Discount on Selected Items
1000000477,04-04-2021 16:24,Scott Jenkins,"['Iron', 'Light Bulbs', 'Pancake Mix', 'Yogurt', 'Tissues']",2,71.66,Cash,Seattle,Specialty Store,TRUE,Retiree,Spring,BOGO (Buy One Get One)
1000000478,23-01-2023 04:27,John Goodwin,['Mayonnaise'],9,42.88,Debit Card,Chicago,Department Store,FALSE,Middle-Aged,Spring,Discount on Selected Items
1000000479,12-11-2021 10:44,Ashley Ortiz,"['Cereal Bars', 'Mayonnaise', 'Mayonnaise', 'Banana']",9,65.71,Cash,Chicago,Warehouse Club,TRUE,Young Adult,Spring,BOGO (Buy One Get One)
1000000480,27-11-2023 11:11,Cynthia Harper,"['Trash Cans', 'Toothpaste']",6,61.61,Credit Card,Seattle,Convenience Store,TRUE,Senior Citizen,Fall,None
1000000481,26-10-2020 15:48,John Taylor DDS,"['Light Bulbs', 'Jam']",8,76.45,Credit Card,San Francisco,Pharmacy,FALSE,Middle-Aged,Winter,None
1000000482,01-07-2020 07:14,Jennifer West,"['Ketchup', 'Olive Oil', 'Lawn Mower']",9,91,Credit Card,Los Angeles,Warehouse Club,FALSE,Teenager,Summer,Discount on Selected Items
1000000483,16-05-2022 02:20,Toni Sanchez,"['Feminine Hygiene Products', 'Deodorant']",6,20.17,Debit Card,Dallas,Pharmacy,TRUE,Retiree,Spring,Discount on Selected Items
1000000484,05-04-2023 04:25,Ronald Mills,"['Feminine Hygiene Products', 'Plant Fertilizer', 'Spinach', 'Cleaning Spray']",1,62,Mobile Payment,Atlanta,Department Store,FALSE,Senior Citizen,Summer,None
1000000485,10-10-2023 08:13,Kevin Underwood,"['Dustpan', 'Razors', 'Mop']",1,6.93,Cash,Dallas,Supermarket,FALSE,Senior Citizen,Winter,Discount on Selected Items
1000000486,18-01-2023 09:53,Jason Acosta,"['Olive Oil', 'Lawn Mower', 'Toothpaste']",10,71.38,Mobile Payment,Chicago,Convenience Store,FALSE,Professional,Winter,BOGO (Buy One Get One)
1000000487,19-06-2020 01:27,Tracy Downs,"['Mustard', 'Cleaning Rags', 'Iron', 'Toothbrush', 'Hand Sanitizer']",4,49.72,Debit Card,San Francisco,Specialty Store,FALSE,Middle-Aged,Fall,None
1000000488,13-03-2021 05:36,Tracy Kerr,"['Baby Wipes', 'Insect Repellent']",7,26.82,Cash,Houston,Convenience Store,TRUE,Middle-Aged,Fall,None
1000000489,11-12-2023 23:23,Michelle Moreno,"['Shaving Cream', 'Air Freshener', 'Mop', 'Butter', 'Chips']",3,7.78,Mobile Payment,New York,Supermarket,FALSE,Homemaker,Summer,BOGO (Buy One Get One)
1000000490,05-01-2024 12:29,Douglas Schultz Jr.,"['Pasta', 'Orange', 'Extension Cords']",7,29.65,Credit Card,Seattle,Convenience Store,FALSE,Teenager,Winter,BOGO (Buy One Get One)
1000000491,25-02-2022 02:46,Travis Brooks,['Pickles'],2,16.76,Credit Card,Atlanta,Warehouse Club,FALSE,Retiree,Fall,Discount on Selected Items
1000000492,10-12-2021 22:09,Ashley Schultz,['Dish Soap'],1,69.84,Cash,Miami,Department Store,FALSE,Young Adult,Winter,None
1000000493,07-10-2021 13:59,James Hubbard,"['Pasta', 'Ketchup', 'Bread', 'Butter', 'Soda']",10,44.87,Credit Card,Los Angeles,Supermarket,FALSE,Teenager,Spring,BOGO (Buy One Get One)
1000000494,05-04-2024 08:44,Barbara Mendez MD,"['Pasta', 'Carrots', 'Butter']",3,41.59,Credit Card,Los Angeles,Department Store,FALSE,Teenager,Spring,BOGO (Buy One Get One)
1000000495,07-01-2024 02:37,Jonathan Spears,"['Toothpaste', 'Mustard', 'Dishware', 'Cereal Bars']",8,6.12,Cash,San Francisco,Specialty Store,TRUE,Student,Spring,None
1000000496,27-05-2023 14:08,Tiffany Clark,"['Mop', 'Honey', 'Iron', 'Diapers']",2,54.15,Debit Card,San Francisco,Convenience Store,TRUE,Student,Spring,None
1000000497,24-11-2020 01:16,Michelle Acosta,['Carrots'],7,58.57,Credit Card,Miami,Supermarket,FALSE,Student,Winter,None
1000000498,10-07-2023 05:18,Erica Morales,"['Ironing Board', 'Feminine Hygiene Products', 'Bath Towels', 'Jam']",2,97.37,Cash,Dallas,Specialty Store,TRUE,Student,Spring,BOGO (Buy One Get One)
,,,,,,,,,,,,
,,,,,,,,,,,,
,,,,,,,,,,,,
,,,,,,,,,,,,
,,,,,,,,,,,,
,,,,,,,,,,,,
,,,,,,,,,,,,
,,,,,,,,,,,,
,,,,,,,,,,,,
,,,,,,,,,,,,
,,,,,,,,,,,,
,,,,,,,,,,,,
,,,,,,,,,,,,
,,,,,,,,,,,,
,,,,,,,,,,,,
,,,,,,,,,,,,
,,,,,,,,,,,,
,,,,,,,,,,,,
,,,,,,,,,,,,
,,,,,,,,,,,,
,,,,,,,,,,,,
,,,,,,,,,,,,
,,,,,,,,,,,,
,,,,,,,,,,,,
,,,,,,,,,,,,
,,,,,,,,,,,,
,,,,,,,,,,,,
,,,,,,,,,,,,
,,,,,,,,,,,,
,,,,,,,,,,,,
,,,,,,,,,,,,
,,,,,,,,,,,,
,,,,,,,,,,,,
,,,,,,,,,,,,
,,,,,,,,,,,,
,,,,,,,,,,,,
,,,,,,,,,,,,
,,,,,,,,,,,,
,,,,,,,,,,,,
,,,,,,,,,,,,
,,,,,,,,,,,,
,,,,,,,,,,,,
,,,,,,,,,,,,
,,,,,,,,,,,,
,,,,,,,,,,,,
,,,,,,,,,,,,
,,,,,,,,,,,,
,,,,,,,,,,,,
,,,,,,,,,,,,
,,,,,,,,,,,,
,,,,,,,,,,,,
,,,,,,,,,,,,
,,,,,,,,,,,,
,,,,,,,,,,,,
,,,,,,,,,,,,
,,,,,,,,,,,,
,,,,,,,,,,,,
,,,,,,,,,,,,
,,,,,,,,,,,,
,,,,,,,,,,,,
,,,,,,,,,,,,
,,,,,,,,,,,,
,,,,,,,,,,,,
,,,,,,,,,,,,
,,,,,,,,,,,,
,,,,,,,,,,,,
,,,,,,,,,,,,
,,,,,,,,,,,,
,,,,,,,,,,,,
,,,,,,,,,,,,
,,,,,,,,,,,,
,,,,,,,,,,,,
,,,,,,,,,,,,
,,,,,,,,,,,,
,,,,,,,,,,,,
,,,,,,,,,,,,
,,,,,,,,,,,,
,,,,,,,,,,,,
,,,,,,,,,,,,
,,,,,,,,,,,,
,,,,,,,,,,,,
,,,,,,,,,,,,
,,,,,,,,,,,,
,,,,,,,,,,,,
,,,,,,,,,,,,
,,,,,,,,,,,,
,,,,,,,,,,,,
,,,,,,,,,,,,
,,,,,,,,,,,,
,,,,,,,,,,,,
,,,,,,,,,,,,
,,,,,,,,,,,,
,,,,,,,,,,,,
,,,,,,,,,,,,
,,,,,,,,,,,,
,,,,,,,,,,,,
,,,,,,,,,,,,
,,,,,,,,,,,,
,,,,,,,,,,,,
,,,,,,,,,,,,
,,,,,,,,,,,,
,,,,,,,,,,,,
,,,,,,,,,,,,
,,,,,,,,,,,,
,,,,,,,,,,,,
,,,,,,,,,,,,
,,,,,,,,,,,,
,,,,,,,,,,,,
,,,,,,,,,,,,
,,,,,,,,,,,,
,,,,,,,,,,,,
,,,,,,,,,,,,
,,,,,,,,,,,,
,,,,,,,,,,,,
,,,,,,,,,,,,
,,,,,,,,,,,,
,,,,,,,,,,,,
,,,,,,,,,,,,
,,,,,,,,,,,,
,,,,,,,,,,,,
,,,,,,,,,,,,
,,,,,,,,,,,,
,,,,,,,,,,,,
,,,,,,,,,,,,
,,,,,,,,,,,,
,,,,,,,,,,,,
,,,,,,,,,,,,
,,,,,,,,,,,,
,,,,,,,,,,,,
,,,,,,,,,,,,
,,,,,,,,,,,,
,,,,,,,,,,,,
,,,,,,,,,,,,
,,,,,,,,,,,,
,,,,,,,,,,,,
,,,,,,,,,,,,
,,,,,,,,,,,,
,,,,,,,,,,,,
,,,,,,,,,,,,
,,,,,,,,,,,,
,,,,,,,,,,,,
,,,,,,,,,,,,
,,,,,,,,,,,,
,,,,,,,,,,,,
,,,,,,,,,,,,
,,,,,,,,,,,,
,,,,,,,,,,,,
,,,,,,,,,,,,
,,,,,,,,,,,,
,,,,,,,,,,,,
,,,,,,,,,,,,
,,,,,,,,,,,,
,,,,,,,,,,,,
,,,,,,,,,,,,
,,,,,,,,,,,,
,,,,,,,,,,,,
,,,,,,,,,,,,
,,,,,,,,,,,,
,,,,,,,,,,,,
,,,,,,,,,,,,
,,,,,,,,,,,,
,,,,,,,,,,,,
,,,,,,,,,,,,
,,,,,,,,,,,,
,,,,,,,,,,,,
,,,,,,,,,,,,
,,,,,,,,,,,,
,,,,,,,,,,,,
,,,,,,,,,,,,
,,,,,,,,,,,,
,,,,,,,,,,,,
,,,,,,,,,,,,
,,,,,,,,,,,,
,,,,,,,,,,,,
,,,,,,,,,,,,
,,,,,,,,,,,,
,,,,,,,,,,,,
,,,,,,,,,,,,
,,,,,,,,,,,,
,,,,,,,,,,,,
,,,,,,,,,,,,
,,,,,,,,,,,,
,,,,,,,,,,,,
,,,,,,,,,,,,
,,,,,,,,,,,,
,,,,,,,,,,,,
,,,,,,,,,,,,
,,,,,,,,,,,,
,,,,,,,,,,,,
,,,,,,,,,,,,
,,,,,,,,,,,,
,,,,,,,,,,,,
,,,,,,,,,,,,
,,,,,,,,,,,,
,,,,,,,,,,,,
,,,,,,,,,,,,
,,,,,,,,,,,,
,,,,,,,,,,,,
,,,,,,,,,,,,
,,,,,,,,,,,,
,,,,,,,,,,,,
,,,,,,,,,,,,
,,,,,,,,,,,,
,,,,,,,,,,,,
,,,,,,,,,,,,
,,,,,,,,,,,,
,,,,,,,,,,,,
,,,,,,,,,,,,
,,,,,,,,,,,,
,,,,,,,,,,,,
,,,,,,,,,,,,
,,,,,,,,,,,,
,,,,,,,,,,,,
,,,,,,,,,,,,
,,,,,,,,,,,,
,,,,,,,,,,,,
,,,,,,,,,,,,
,,,,,,,,,,,,
,,,,,,,,,,,,
,,,,,,,,,,,,
,,,,,,,,,,,,
,,,,,,,,,,,,
,,,,,,,,,,,,
,,,,,,,,,,,,
,,,,,,,,,,,,
,,,,,,,,,,,,
,,,,,,,,,,,,
,,,,,,,,,,,,
,,,,,,,,,,,,
,,,,,,,,,,,,
,,,,,,,,,,,,
,,,,,,,,,,,,
,,,,,,,,,,,,
,,,,,,,,,,,,
,,,,,,,,,,,,
,,,,,,,,,,,,
,,,,,,,,,,,,
,,,,,,,,,,,,
,,,,,,,,,,,,
,,,,,,,,,,,,
,,,,,,,,,,,,
,,,,,,,,,,,,
,,,,,,,,,,,,
,,,,,,,,,,,,
,,,,,,,,,,,,
,,,,,,,,,,,,
,,,,,,,,,,,,
,,,,,,,,,,,,
,,,,,,,,,,,,
,,,,,,,,,,,,
,,,,,,,,,,,,
,,,,,,,,,,,,
,,,,,,,,,,,,
,,,,,,,,,,,,
,,,,,,,,,,,,
,,,,,,,,,,,,
,,,,,,,,,,,,
,,,,,,,,,,,,
,,,,,,,,,,,,
,,,,,,,,,,,,
,,,,,,,,,,,,
,,,,,,,,,,,,
,,,,,,,,,,,,
,,,,,,,,,,,,
,,,,,,,,,,,,
,,,,,,,,,,,,
,,,,,,,,,,,,
,,,,,,,,,,,,
,,,,,,,,,,,,
,,,,,,,,,,,,
,,,,,,,,,,,,
,,,,,,,,,,,,
,,,,,,,,,,,,
,,,,,,,,,,,,
,,,,,,,,,,,,
,,,,,,,,,,,,
,,,,,,,,,,,,
,,,,,,,,,,,,
,,,,,,,,,,,,
,,,,,,,,,,,,
,,,,,,,,,,,,
,,,,,,,,,,,,
,,,,,,,,,,,,
,,,,,,,,,,,,
,,,,,,,,,,,,
,,,,,,,,,,,,
,,,,,,,,,,,,
,,,,,,,,,,,,
,,,,,,,,,,,,
,,,,,,,,,,,,
,,,,,,,,,,,,
,,,,,,,,,,,,
,,,,,,,,,,,,
,,,,,,,,,,,,
,,,,,,,,,,,,
,,,,,,,,,,,,
,,,,,,,,,,,,
,,,,,,,,,,,,
,,,,,,,,,,,,
,,,,,,,,,,,,
,,,,,,,,,,,,
,,,,,,,,,,,,
,,,,,,,,,,,,
,,,,,,,,,,,,
,,,,,,,,,,,,
,,,,,,,,,,,,
,,,,,,,,,,,,
,,,,,,,,,,,,
,,,,,,,,,,,,
,,,,,,,,,,,,
,,,,,,,,,,,,
,,,,,,,,,,,,
,,,,,,,,,,,,
,,,,,,,,,,,,
,,,,,,,,,,,,
,,,,,,,,,,,,
,,,,,,,,,,,,
,,,,,,,,,,,,
,,,,,,,,,,,,
,,,,,,,,,,,,
,,,,,,,,,,,,
,,,,,,,,,,,,
,,,,,,,,,,,,
,,,,,,,,,,,,
,,,,,,,,,,,,
,,,,,,,,,,,,
,,,,,,,,,,,,
,,,,,,,,,,,,
,,,,,,,,,,,,
,,,,,,,,,,,,
,,,,,,,,,,,,
,,,,,,,,,,,,
,,,,,,,,,,,,
,,,,,,,,,,,,
,,,,,,,,,,,,
,,,,,,,,,,,,
,,,,,,,,,,,,
,,,,,,,,,,,,
,,,,,,,,,,,,
,,,,,,,,,,,,
,,,,,,,,,,,,
,,,,,,,,,,,,
,,,,,,,,,,,,
,,,,,,,,,,,,
,,,,,,,,,,,,
,,,,,,,,,,,,
,,,,,,,,,,,,
,,,,,,,,,,,,
,,,,,,,,,,,,
,,,,,,,,,,,,
,,,,,,,,,,,,
,,,,,,,,,,,,
,,,,,,,,,,,,
,,,,,,,,,,,,
,,,,,,,,,,,,
,,,,,,,,,,,,
,,,,,,,,,,,,
,,,,,,,,,,,,
,,,,,,,,,,,,
,,,,,,,,,,,,
,,,,,,,,,,,,
,,,,,,,,,,,,
,,,,,,,,,,,,
,,,,,,,,,,,,
,,,,,,,,,,,,
,,,,,,,,,,,,
,,,,,,,,,,,,
,,,,,,,,,,,,
,,,,,,,,,,,,
,,,,,,,,,,,,
,,,,,,,,,,,,
,,,,,,,,,,,,
,,,,,,,,,,,,
,,,,,,,,,,,,
,,,,,,,,,,,,
,,,,,,,,,,,,
,,,,,,,,,,,,
,,,,,,,,,,,,
,,,,,,,,,,,,
,,,,,,,,,,,,
,,,,,,,,,,,,
,,,,,,,,,,,,
,,,,,,,,,,,,
,,,,,,,,,,,,
,,,,,,,,,,,,
,,,,,,,,,,,,
,,,,,,,,,,,,
,,,,,,,,,,,,
,,,,,,,,,,,,
,,,,,,,,,,,,
,,,,,,,,,,,,
,,,,,,,,,,,,
,,,,,,,,,,,,
,,,,,,,,,,,,
,,,,,,,,,,,,
,,,,,,,,,,,,
,,,,,,,,,,,,
,,,,,,,,,,,,
,,,,,,,,,,,,
,,,,,,,,,,,,
,,,,,,,,,,,,
,,,,,,,,,,,,
,,,,,,,,,,,,
,,,,,,,,,,,,
,,,,,,,,,,,,
,,,,,,,,,,,,
,,,,,,,,,,,,
,,,,,,,,,,,,
,,,,,,,,,,,,
,,,,,,,,,,,,
,,,,,,,,,,,,
,,,,,,,,,,,,
,,,,,,,,,,,,
,,,,,,,,,,,,
,,,,,,,,,,,,
,,,,,,,,,,,,
,,,,,,,,,,,,
,,,,,,,,,,,,
,,,,,,,,,,,,
,,,,,,,,,,,,
,,,,,,,,,,,,
,,,,,,,,,,,,
,,,,,,,,,,,,
,,,,,,,,,,,,
,,,,,,,,,,,,
,,,,,,,,,,,,
,,,,,,,,,,,,
,,,,,,,,,,,,
,,,,,,,,,,,,
,,,,,,,,,,,,
,,,,,,,,,,,,
,,,,,,,,,,,,
,,,,,,,,,,,,
,,,,,,,,,,,,
,,,,,,,,,,,,
,,,,,,,,,,,,
,,,,,,,,,,,,
,,,,,,,,,,,,
,,,,,,,,,,,,
,,,,,,,,,,,,
,,,,,,,,,,,,
,,,,,,,,,,,,
,,,,,,,,,,,,
,,,,,,,,,,,,
,,,,,,,,,,,,
,,,,,,,,,,,,
,,,,,,,,,,,,
,,,,,,,,,,,,
,,,,,,,,,,,,
,,,,,,,,,,,,
,,,,,,,,,,,,
,,,,,,,,,,,,
,,,,,,,,,,,,
,,,,,,,,,,,,
,,,,,,,,,,,,
,,,,,,,,,,,,
,,,,,,,,,,,,
,,,,,,,,,,,,
,,,,,,,,,,,,
,,,,,,,,,,,,
,,,,,,,,,,,,
,,,,,,,,,,,,
,,,,,,,,,,,,
,,,,,,,,,,,,
,,,,,,,,,,,,
,,,,,,,,,,,,
,,,,,,,,,,,,
,,,,,,,,,,,,
,,,,,,,,,,,,
,,,,,,,,,,,,
,,,,,,,,,,,,
,,,,,,,,,,,,
,,,,,,,,,,,,
,,,,,,,,,,,,
,,,,,,,,,,,,
,,,,,,,,,,,,
,,,,,,,,,,,,
,,,,,,,,,,,,
,,,,,,,,,,,,
,,,,,,,,,,,,
,,,,,,,,,,,,
,,,,,,,,,,,,
,,,,,,,,,,,,
,,,,,,,,,,,,
,,,,,,,,,,,,
,,,,,,,,,,,,
,,,,,,,,,,,,
,,,,,,,,,,,,
,,,,,,,,,,,,
,,,,,,,,,,,,
,,,,,,,,,,,,
,,,,,,,,,,,,
,,,,,,,,,,,,
,,,,,,,,,,,,
,,,,,,,,,,,,
,,,,,,,,,,,,
,,,,,,,,,,,,
,,,,,,,,,,,,
,,,,,,,,,,,,
,,,,,,,,,,,,
